name,key,id,red_fraction,class
Aargau,aargau,1001,0.0000,keep
Aberdeenshire,aberdeenshire,1002,0.0000,keep
Abkhazia,abkhazia,1003,0.0000,keep
Abruzzo_Citra,abruzzo_citra,1004,0.0000,keep
Abruzzo_Ultra,abruzzo_ultra,1005,0.0000,keep
Achaea,achaea,1006,0.0000,keep
Adana,adana,1007,0.0000,keep
Aetolia,aetolia,1008,0.0000,keep
Agder,agder,1009,0.0000,keep
Agenais,agenais,1010,0.0000,keep
Akershus,akershus,1011,0.0000,keep
Akhtar,akhtar,1012,0.0000,keep
Aksaray,aksaray,1013,0.0000,keep
Al_Bayda,al_bayda,1014,0.0055,keep
Al_Jifar,al_jifar,1015,0.0000,keep
Alaiye,alaiye,1016,0.0000,keep
Alania,alania,1017,0.0000,keep
Alarcon,alarcon,1018,0.0000,keep
Alatyr,alatyr,1019,0.0000,keep
Alava,alava,1020,0.0000,keep
Albacete,albacete,1021,0.0000,keep
Albania,albania,1022,0.0000,keep
Alcaniz,alcaniz,1023,0.0000,keep
Alessandria,alessandria,1024,0.0000,keep
Alexandria,alexandria,1025,0.0043,keep
Alexeyevka,alexeyevka,1026,0.0000,keep
Algarve,algarve,1027,0.0000,keep
Aller,aller,1028,0.0000,keep
Allgau,allgau,1029,0.0000,keep
Almeria,almeria,1030,0.0000,keep
Alpenvorland,alpenvorland,1031,0.0000,keep
Altmark,altmark,1032,0.0000,keep
Alto_Alentejo,alto_alentejo,1033,0.0000,keep
Amasya,amasya,1034,0.0000,keep
Amienois,amienois,1035,0.0000,keep
Amont,amont,1036,0.0000,keep
Angermanland,angermanland,1037,0.0000,keep
Angouleme,angouleme,1038,0.0000,keep
Angus,angus,1039,0.0000,keep
Ani,ani,1040,0.0000,keep
Anjou,anjou,1041,0.0000,keep
Ankara,ankara,1042,0.0000,keep
Annaba,annaba,1043,0.0000,keep
Antakya,antakya,1044,0.0000,keep
Antalya,antalya,1045,0.0000,keep
Antrim,antrim,1046,0.0000,keep
Antwerp,antwerp,1047,0.0000,keep
Aosta,aosta,1048,0.0000,keep
Aquisextain,aquisextain,1049,0.0000,keep
Arborea,arborea,1050,0.0000,keep
Arcadia,arcadia,1051,0.0000,keep
Ardabil,ardabil,1052,0.0000,keep
Arezzo,arezzo,1053,0.0000,keep
Argolis,argolis,1054,0.0000,keep
Argyll,argyll,1055,0.0000,keep
Armagnac,armagnac,1056,0.0000,keep
Arnskrone,arnskrone,1057,0.0000,keep
Arran,arran,1058,0.0000,keep
Ashmyany,ashmyany,1059,0.0000,keep
Astorga,astorga,1060,0.0000,keep
Astrakhan,astrakhan,1061,0.0041,keep
Atkarsk,atkarsk,1062,0.0000,keep
Attica,attica,1063,0.0000,keep
Aunus_Karelia,aunus_karelia,1064,0.0000,keep
Autunnais,autunnais,1065,0.0000,keep
Auxerrois,auxerrois,1066,0.0000,keep
Aval,aval,1067,0.0000,keep
Avaria,avaria,1068,0.0000,keep
Avignonnais,avignonnais,1069,0.0000,keep
Avila,avila,1070,0.0000,keep
Aydin,aydin,1071,0.0000,keep
Ayntab,ayntab,1072,0.0000,keep
Azghar,azghar,1073,0.0000,keep
Azov,azov,1074,0.0000,keep
Bacau,bacau,1075,0.0000,keep
Bacs,bacs,1076,0.0000,keep
Badajoz,badajoz,1077,0.0000,keep
Baghai,baghai,1078,0.0000,keep
Bahnasa,bahnasa,1079,0.9778,exclude
Baixo_Alentejo,baixo_alentejo,1080,0.0000,keep
Bakhmut,bakhmut,1081,0.0000,keep
Baku,baku,1082,0.0000,keep
Balti_Moldova,balti_moldova,1083,0.0000,keep
Baranya,baranya,1084,0.0000,keep
Barbastro,barbastro,1085,0.0000,keep
Barca,barca,1086,0.0000,keep
Barcelona,barcelona,1087,0.0000,keep
Bari,bari,1088,0.0000,keep
Barlad,barlad,1089,0.0000,keep
Barrois,barrois,1090,0.0000,keep
Barysaw,barysaw,1091,0.0000,keep
Basarabia,basarabia,1092,0.0000,keep
Basilicata,basilicata,1093,0.0000,keep
Bassigny,bassigny,1094,0.0000,keep
Bavly,bavly,1095,1.0000,exclude
Bayerischer_Wald,bayerischer_wald,1096,0.0000,keep
Bayonne,bayonne,1097,0.0000,keep
Baytak,baytak,1098,,outside-image
Bazadais,bazadais,1099,0.0000,keep
Bearn_Bigorre,bearn_bigorre,1100,0.0000,keep
Beaujolais,beaujolais,1101,0.0000,keep
Beauvaisis,beauvaisis,1102,0.0000,keep
Bechinsko,bechinsko,1103,0.0000,keep
Bedfordshire,bedfordshire,1104,0.0000,keep
Beira_Alta,beira_alta,1105,0.0000,keep
Beira_Baixa,beira_baixa,1106,0.0000,keep
Beira_Litoral,beira_litoral,1107,0.0000,keep
Belgorod,belgorod,1108,0.0000,keep
Beljamen,beljamen,1109,0.0000,keep
Belluno,belluno,1110,0.0000,keep
Beloe,beloe,1111,0.0000,keep
Beloozero,beloozero,1112,0.0000,keep
Belozerskaya,belozerskaya,1113,0.0000,keep
Bely,bely,1114,0.0000,keep
Belz,belz,1115,0.0000,keep
Benavente,benavente,1116,0.0000,keep
Berda,berda,1117,0.0000,keep
Bergamo,bergamo,1118,0.0000,keep
Bergenhus,bergenhus,1119,0.0000,keep
Bergisches_Land,bergisches_land,1120,0.0000,keep
Berkshire,berkshire,1121,0.0000,keep
Bern,bern,1122,0.0000,keep
Beysehir,beysehir,1123,0.0000,keep
Bezhetsk,bezhetsk,1124,0.0000,keep
Bezhetskaya,bezhetskaya,1125,0.0000,keep
Bielska_Sloboda,bielska_sloboda,1126,0.0000,keep
Biga,biga,1127,0.0000,keep
Bihar,bihar,1128,0.0000,keep
Biscay,biscay,1129,0.0000,keep
Bizerte,bizerte,1130,0.0000,keep
Bjelovar,bjelovar,1131,0.0000,keep
Blekinge,blekinge,1132,0.0000,keep
Blois,blois,1133,0.0000,keep
Bogdanovo,bogdanovo,1134,0.0000,keep
Boh,boh,1135,0.0000,keep
Bohus,bohus,1136,0.0000,keep
Boleslavsko,boleslavsko,1137,0.0000,keep
Bolghar,bolghar,1138,0.0086,keep
Bolkhuny,bolkhuny,1139,0.0009,keep
Bologna,bologna,1140,0.0000,keep
Bolu,bolu,1141,0.0000,keep
Bordelais,bordelais,1142,0.0000,keep
Borisoglebsk,borisoglebsk,1143,0.0000,keep
Bosnia,bosnia,1144,0.0000,keep
Bourbon,bourbon,1145,0.0000,keep
Bozok,bozok,1146,0.0000,keep
Brabant,brabant,1147,0.0000,keep
Branicevo,branicevo,1148,0.0000,keep
Bratslav,bratslav,1149,0.0000,keep
Brecon,brecon,1150,0.0000,keep
Breifne,breifne,1151,0.0000,keep
Brescia,brescia,1152,0.0000,keep
Breslauja,breslauja,1153,0.0000,keep
Bresse,bresse,1154,0.0000,keep
Bresta,bresta,1155,0.0000,keep
Brie_Champenois,brie_champenois,1156,0.0000,keep
Brnensko,brnensko,1157,0.0000,keep
Brunswick,brunswick,1158,0.0000,keep
Bryansk,bryansk,1159,0.0000,keep
Buckinghamshire,buckinghamshire,1160,0.0000,keep
Buda,buda,1161,0.0000,keep
Buhayra,buhayra,1162,0.9681,exclude
Burgas,burgas,1163,0.0000,keep
Burgos,burgos,1164,0.0000,keep
Buskerud,buskerud,1165,0.0000,keep
Buy,buy,1166,0.0000,keep
Caceres,caceres,1167,0.0000,keep
Cadiz,cadiz,1168,0.0000,keep
Caennais,caennais,1169,0.0000,keep
Cafa,cafa,1170,0.0000,keep
Cagliari,cagliari,1171,0.0000,keep
Cairo,cairo,1172,0.1486,keep
Calabria_Citra,calabria_citra,1173,0.0000,keep
Calabria_Ultra,calabria_ultra,1174,0.0000,keep
Calatayud,calatayud,1175,0.0000,keep
Cambridgeshire,cambridgeshire,1176,0.0000,keep
Campagna,campagna,1177,0.0000,keep
Canary_Islands,canary_islands,1178,,exclude(decided)
Canik,canik,1179,0.0000,keep
Cankiri,cankiri,1180,0.0000,keep
Capitanata,capitanata,1181,0.0000,keep
Castellon,castellon,1182,0.0000,keep
Castres,castres,1183,0.0000,keep
Caux,caux,1184,0.0000,keep
Central_Macedonia,central_macedonia,1185,0.0000,keep
Chalkidiki,chalkidiki,1186,0.0000,keep
Champagne,champagne,1187,0.0000,keep
Chartrain,chartrain,1188,0.0000,keep
Cheboksary,cheboksary,1189,0.0000,keep
Chebsko,chebsko,1190,0.0000,keep
Checiny,checiny,1191,0.0000,keep
Chelm,chelm,1192,0.0000,keep
Chelmno,chelmno,1193,0.0000,keep
Cherepoves,cherepoves,1194,0.0000,keep
Cherkasy,cherkasy,1195,0.0000,keep
Chernihiv,chernihiv,1196,0.0000,keep
Cheshire,cheshire,1197,0.0000,keep
Chiemgau,chiemgau,1198,0.0000,keep
Chios,chios,1199,0.0000,keep
Chishmy,chishmy,1200,,outside-image
Chornobyl,chornobyl,1201,0.0000,keep
Chrudimsko,chrudimsko,1202,0.0000,keep
Chyorny_Yar,chyorny_yar,1203,0.0000,keep
Ciechanow,ciechanow,1204,0.0000,keep
Cismonte,cismonte,1205,0.0000,keep
Ciudad_Rodrigo,ciudad_rodrigo,1206,0.0000,keep
Clare,clare,1207,0.0000,keep
Combraille,combraille,1208,0.0000,keep
Comminges,comminges,1209,0.0000,keep
Constantine,constantine,1210,0.0000,keep
Constantinople,constantinople,1211,0.0000,keep
Cordoba,cordoba,1212,0.0000,keep
Corinthia,corinthia,1213,0.0000,keep
Cork,cork,1214,0.0000,keep
Cornouaille,cornouaille,1215,0.0000,keep
Cornwall,cornwall,1216,0.0000,keep
Corum,corum,1217,0.0000,keep
Coruna,coruna,1218,0.0000,keep
Cotentin,cotentin,1219,0.0000,keep
Courland,courland,1220,0.0000,keep
Cremona,cremona,1221,0.0000,keep
Crete,crete,1222,0.0000,keep
Csanad,csanad,1223,0.0000,keep
Csongrad,csongrad,1224,0.0000,keep
Cuenca,cuenca,1225,0.0000,keep
Cumberland,cumberland,1226,0.0000,keep
Cyprus,cyprus,1227,0.0000,keep
Czersk,czersk,1228,0.0000,keep
Czestochowa,czestochowa,1229,0.0000,keep
Dahra,dahra,1230,0.0000,keep
Dakahliyya,dakahliyya,1231,0.0000,keep
Dalarna,dalarna,1232,0.0000,keep
Dalsland,dalsland,1233,0.0000,keep
Damghan,damghan,1234,0.9714,exclude
Danzig,danzig,1235,0.0000,keep
Dardanelles,dardanelles,1236,0.0000,keep
Dardeling,dardeling,1237,0.0000,keep
Daylam,daylam,1238,0.9859,exclude
Deheubarth,deheubarth,1239,0.0000,keep
Demena,demena,1240,0.0000,keep
Derbyshire,derbyshire,1241,0.0000,keep
Derevskaya,derevskaya,1242,0.0000,keep
Derry,derry,1243,0.0000,keep
Desmond,desmond,1244,0.0000,keep
Devon,devon,1245,0.0000,keep
Dignois,dignois,1246,0.0000,keep
Dijonnais,dijonnais,1247,0.0000,keep
Divrigi,divrigi,1248,0.0000,keep
Djafara,djafara,1249,0.0007,keep
Doboka,doboka,1250,0.0000,keep
Dobrzyn,dobrzyn,1251,0.0000,keep
Donau_Moos,donau_moos,1252,0.0000,keep
Donegal,donegal,1253,0.0000,keep
Donetsk,donetsk,1254,0.0000,keep
Donji_Kraji,donji_kraji,1255,0.0000,keep
Dorogobuzh,dorogobuzh,1256,0.0000,keep
Dorohei,dorohei,1257,0.0000,keep
Dorset,dorset,1258,0.0000,keep
Down,down,1259,0.0000,keep
Dracenois,dracenois,1260,0.0000,keep
Drenthe,drenthe,1261,0.0000,keep
Drohobych,drohobych,1262,0.0000,keep
Dublin,dublin,1263,0.0000,keep
Dukkala,dukkala,1264,0.0000,keep
Durham,durham,1265,0.0000,keep
Dzisna,dzisna,1266,0.0000,keep
East_Asturias,east_asturias,1267,0.0000,keep
East_Banat,east_banat,1268,0.0000,keep
East_Flanders,east_flanders,1269,0.0000,keep
East_Friesland,east_friesland,1270,0.0000,keep
East_Luxembourg,east_luxembourg,1271,0.0000,keep
East_Mancha,east_mancha,1272,0.0000,keep
East_Muntenia,east_muntenia,1273,0.0000,keep
East_Riding,east_riding,1274,0.0000,keep
Eastern_Jutland,eastern_jutland,1275,0.0000,keep
Eastern_Podolia,eastern_podolia,1276,0.0000,keep
Eastern_Styria,eastern_styria,1277,0.0000,keep
Eastern_Upper_Swabia,eastern_upper_swabia,1278,0.0000,keep
Ebroicien,ebroicien,1279,0.0000,keep
Edirne,edirne,1280,0.0000,keep
Eifel,eifel,1281,0.0000,keep
Elbmarch,elbmarch,1282,0.0000,keep
Elbtal,elbtal,1283,0.0000,keep
Emsland,emsland,1284,0.0000,keep
Errif,errif,1285,0.0000,keep
Erzgebirge,erzgebirge,1286,0.0000,keep
Erzurum,erzurum,1287,0.0000,keep
Essex,essex,1288,0.0000,keep
Estonia,estonia,1289,0.0000,keep
Estremadura,estremadura,1290,0.0000,keep
Euboea,euboea,1291,0.0000,keep
Evros,evros,1292,0.0000,keep
Faraveh,faraveh,1293,0.3333,uncertain
Feher,feher,1294,0.0000,keep
Fejer,fejer,1295,0.0000,keep
Ferrara,ferrara,1296,0.0000,keep
Fez,fez,1297,0.0000,keep
Fife,fife,1298,0.0000,keep
Filastin,filastin,1299,0.0000,keep
Finland,finland,1300,0.0000,keep
Flaming,flaming,1301,0.0000,keep
Florence,florence,1302,0.0000,keep
Foix,foix,1303,0.0000,keep
Franconian_Alb,franconian_alb,1304,0.0000,keep
Frankenwald,frankenwald,1305,0.0000,keep
Frankische_Schweiz,frankische_schweiz,1306,0.0000,keep
Friesland,friesland,1307,0.0000,keep
Friuli,friuli,1308,0.0000,keep
Funen,funen,1309,0.0000,keep
Galich,galich,1310,0.0013,keep
Galloway,galloway,1311,0.0000,keep
Gallura,gallura,1312,0.0000,keep
Galway,galway,1313,0.0000,keep
Gastrikland,gastrikland,1314,0.0000,keep
Gatinais,gatinais,1315,0.0000,keep
Gauboden,gauboden,1316,0.0000,keep
Gelderland,gelderland,1317,0.0000,keep
Gevaudan,gevaudan,1318,0.0000,keep
Gharbiyya,gharbiyya,1319,0.0728,keep
Gilan,gilan,1320,0.9972,exclude
Gipuzkoa,gipuzkoa,1321,0.0000,keep
Girgenti,girgenti,1322,0.0000,keep
Girona,girona,1323,0.0000,keep
Glamorgan,glamorgan,1324,0.0000,keep
Glogow,glogow,1325,0.0000,keep
Gloucestershire,gloucestershire,1326,0.0000,keep
Gniezno,gniezno,1327,0.0000,keep
Gomel,gomel,1328,0.0000,keep
Gonge,gonge,1329,0.0000,keep
Gorgan,gorgan,1330,,outside-image
Gorizia,gorizia,1331,0.0000,keep
Gorodets,gorodets,1332,0.0000,keep
Gothia,gothia,1333,0.0000,keep
Gotland,gotland,1334,0.0000,keep
Granada,granada,1335,0.0000,keep
Graubunden,graubunden,1336,0.0000,keep
Gresivaudan,gresivaudan,1337,0.0000,keep
Grodno,grodno,1338,0.0000,keep
Grosseto,grosseto,1339,0.0000,keep
Guadalajara,guadalajara,1340,0.0000,keep
Gwynedd,gwynedd,1341,0.0000,keep
Habat,habat,1342,0.0000,keep
Haha,haha,1343,0.0000,keep
Hainaut,hainaut,1344,0.0000,keep
Halab,halab,1345,0.0000,keep
Halland,halland,1346,0.0000,keep
Halsingland,halsingland,1347,0.0000,keep
Halych,halych,1348,0.0000,keep
Hamid,hamid,1349,0.0000,keep
Hampshire,hampshire,1350,0.0000,keep
Hanover,hanover,1351,0.0000,keep
Haouz,haouz,1352,0.0000,keep
Harput,harput,1353,0.0000,keep
Harz,harz,1354,0.0000,keep
Hedmark,hedmark,1355,0.0000,keep
Hegau,hegau,1356,0.0000,keep
Hellin,hellin,1357,0.0000,keep
Herefordshire,herefordshire,1358,0.0000,keep
Hereti,hereti,1359,0.0000,keep
Hertfordshire,hertfordshire,1360,0.0000,keep
Hessen_Bergland,hessen_bergland,1361,0.0000,keep
Heves,heves,1362,0.0000,keep
Hims,hims,1363,0.0000,keep
Hohenloher_Ebene,hohenloher_ebene,1364,0.0000,keep
Holstein,holstein,1365,0.0000,keep
Hont,hont,1366,0.0000,keep
Hradecko,hradecko,1367,0.0000,keep
Hradistsko,hradistsko,1368,0.0000,keep
Hudavendigar,hudavendigar,1369,0.0000,keep
Huelva,huelva,1370,0.0000,keep
Huesca,huesca,1371,0.0000,keep
Hum,hum,1372,0.0000,keep
Hunsruck,hunsruck,1373,0.0000,keep
Iasi,iasi,1374,0.0000,keep
Icel,icel,1375,0.0000,keep
Ichnia,ichnia,1376,0.0000,keep
Igra,igra,1377,1.0000,exclude
Ilia,ilia,1378,0.0000,keep
Illyria,illyria,1379,0.0000,keep
Imereti,imereti,1380,0.0000,keep
Inner_Aunus_Karelia,inner_aunus_karelia,1381,0.0000,keep
Inner_Hebrides,inner_hebrides,1382,0.0000,keep
Inner_Livonia,inner_livonia,1383,0.0000,keep
Inner_White_Karelia,inner_white_karelia,1384,0.0000,keep
Ionian_Islands,ionian_islands,1385,0.0000,keep
Istria,istria,1386,0.0000,keep
Izium,izium,1387,0.0000,keep
Jaen,jaen,1388,0.0000,keep
Jamtland,jamtland,1389,0.0023,keep
Jativa,jativa,1390,0.0000,keep
Jebel_Akhdar,jebel_akhdar,1391,0.9919,exclude
Julich,julich,1392,0.0000,keep
Kabylia,kabylia,1393,0.0000,keep
Kachen,kachen,1394,0.0000,keep
Kairouan,kairouan,1395,0.0000,keep
Kajanaland,kajanaland,1396,0.0000,keep
Kakheti,kakheti,1397,0.0000,keep
Kalisz,kalisz,1398,0.0000,keep
Kalmius,kalmius,1399,0.0000,keep
Kalmyk,kalmyk,1400,0.9997,exclude
Karachev,karachev,1401,0.0000,keep
Karagay,karagay,1402,,outside-image
Karahisar,karahisar,1403,0.0000,keep
Karasi,karasi,1404,0.0000,keep
Kargopol,kargopol,1405,0.0013,keep
Karlivka,karlivka,1406,0.0000,keep
Kars,kars,1407,0.0000,keep
Kartli,kartli,1408,0.0000,keep
Kasevo,kasevo,1409,,outside-image
Kashary,kashary,1410,0.0000,keep
Kashin,kashin,1411,0.0000,keep
Kasimov,kasimov,1412,0.0000,keep
Kastamonu,kastamonu,1413,0.0000,keep
Kaunas,kaunas,1414,0.0000,keep
Kayseri,kayseri,1415,0.0000,keep
Kazan,kazan,1416,0.0006,keep
Kemi_Lappmark,kemi_lappmark,1417,0.0000,keep
Kempenland,kempenland,1418,0.0000,keep
Kent,kent,1419,0.0000,keep
Kert,kert,1420,0.0000,keep
Khadjibey,khadjibey,1421,0.0000,keep
Khaqmar,khaqmar,1422,1.0000,exclude
Kholmogory,kholmogory,1423,0.9713,exclude
Khoy,khoy,1424,0.0000,keep
Kildare,kildare,1425,0.0000,keep
Kilkenny,kilkenny,1426,0.0000,keep
Kiralyfold,kiralyfold,1427,0.0000,keep
Kirsehir,kirsehir,1428,0.0000,keep
Kletsk,kletsk,1429,0.0000,keep
Knyazhaya,knyazhaya,1430,0.0000,keep
Kobryn,kobryn,1431,0.0000,keep
Kocaeli,kocaeli,1432,0.0000,keep
Kodaky,kodaky,1433,0.0000,keep
Koln_Bucht,koln_bucht,1434,0.0000,keep
Kolomna,kolomna,1435,0.0000,keep
Konin,konin,1436,0.0000,keep
Konya,konya,1437,0.0000,keep
Korela,korela,1438,0.0000,keep
Koscian,koscian,1439,0.0000,keep
Koslin,koslin,1440,0.0000,keep
Kosovo,kosovo,1441,0.0000,keep
Kostroma,kostroma,1442,0.0000,keep
Kozelsk,kozelsk,1443,0.0000,keep
Kozlov,kozlov,1444,0.0000,keep
Kraichgau,kraichgau,1445,0.0000,keep
Krakow,krakow,1446,0.0000,keep
Krasnaya_Gorka,krasnaya_gorka,1447,,outside-image
Kraszna,kraszna,1448,0.0000,keep
Kremenets,kremenets,1449,0.0000,keep
Kremenskaya,kremenskaya,1450,0.0000,keep
Kurmysh,kurmysh,1451,0.0000,keep
Kursk,kursk,1452,0.0000,keep
Kutahya,kutahya,1453,0.0000,keep
Kuyavia,kuyavia,1454,0.0000,keep
Kyiv,kyiv,1455,0.0000,keep
La_Marche,la_marche,1456,0.0000,keep
Labinsk,labinsk,1457,0.0000,keep
Laconia,laconia,1458,0.0000,keep
Lahoysk,lahoysk,1459,0.0000,keep
Lalsk,lalsk,1460,0.9946,exclude
Lancashire,lancashire,1461,0.0000,keep
Larende,larende,1462,0.0000,keep
Latakia,latakia,1463,0.0000,keep
Latgalia,latgalia,1464,0.0000,keep
Lavoro,lavoro,1465,0.0000,keep
Lebanon,lebanon,1466,0.0000,keep
Leczyca,leczyca,1467,0.0000,keep
Legnica,legnica,1468,0.0000,keep
Leicestershire,leicestershire,1469,0.0000,keep
Leine,leine,1470,0.0000,keep
Leipziger_Bucht,leipziger_bucht,1471,0.0000,keep
Lemnos,lemnos,1472,0.0000,keep
Leon,leon,1473,0.0000,keep
Lerma,lerma,1474,0.0000,keep
Levante,levante,1475,0.0000,keep
Lezgistan,lezgistan,1476,0.0000,keep
Lida,lida,1477,0.0000,keep
Liege,liege,1478,0.0000,keep
Lika,lika,1479,0.0000,keep
Limburg,limburg,1480,0.0000,keep
Limerick,limerick,1481,0.0000,keep
Limousin,limousin,1482,0.0000,keep
Lincolnshire,lincolnshire,1483,0.0000,keep
Lipetsk,lipetsk,1484,0.0000,keep
Lippe,lippe,1485,0.0000,keep
Lithuania_Minor,lithuania_minor,1486,0.0000,keep
Litomericko,litomericko,1487,0.0000,keep
Logudoro,logudoro,1488,0.0000,keep
Lomza,lomza,1489,0.0000,keep
Loon,loon,1490,0.0000,keep
Lopskaya,lopskaya,1491,0.0000,keep
Lothian,lothian,1492,0.0000,keep
Lower_Alsace,lower_alsace,1493,0.0000,keep
Lower_Artois,lower_artois,1494,0.0000,keep
Lower_Auvergne,lower_auvergne,1495,0.0000,keep
Lower_Berry,lower_berry,1496,0.0000,keep
Lower_Carinthia,lower_carinthia,1497,0.0000,keep
Lower_Carniola,lower_carniola,1498,0.0000,keep
Lower_Emba,lower_emba,1499,0.0000,keep
Lower_Macedonia,lower_macedonia,1500,0.0000,keep
Lower_Maine,lower_maine,1501,0.0000,keep
Lower_Poitou,lower_poitou,1502,0.0000,keep
Lower_Prussia,lower_prussia,1503,0.0000,keep
Lower_Styria,lower_styria,1504,0.0000,keep
Lubeck,lubeck,1505,0.0000,keep
Lublin,lublin,1506,0.0000,keep
Lubny,lubny,1507,0.0000,keep
Lucca,lucca,1508,0.0000,keep
Lugo,lugo,1509,0.0000,keep
Luhan,luhan,1510,0.0000,keep
Lule_Lappmark,lule_lappmark,1511,0.0047,keep
Luneburger_Heide,luneburger_heide,1512,0.0000,keep
Lutsk,lutsk,1513,0.0000,keep
Luzhkaya,luzhkaya,1514,0.0000,keep
Lviv,lviv,1515,0.0000,keep
Lyonnais,lyonnais,1516,0.0000,keep
Macva,macva,1517,0.0000,keep
Madeira,madeira,1518,,outside-image
Madrid,madrid,1519,0.0000,keep
Magdeburger_Borde,magdeburger_borde,1520,0.0000,keep
Main_Franconia,main_franconia,1521,0.0000,keep
Majar,majar,1522,0.0000,keep
Malaga,malaga,1523,0.0000,keep
Malatya,malatya,1524,0.0000,keep
Malazgirt,malazgirt,1525,0.0000,keep
Mallorca,mallorca,1526,0.0000,keep
Malmohus,malmohus,1527,0.0000,keep
Mangistau,mangistau,1528,0.9828,exclude
Mangyshlak,mangyshlak,1529,0.9390,exclude
Mantua,mantua,1530,0.0000,keep
Maramaros,maramaros,1531,0.0000,keep
Marash,marash,1532,0.0000,keep
Marche,marche,1533,0.0000,keep
Marittima,marittima,1534,0.0000,keep
Marrakesh,marrakesh,1535,0.0000,keep
Masalsk,masalsk,1536,0.0000,keep
Masuria,masuria,1537,0.0000,keep
Mayo,mayo,1538,0.0000,keep
Mazara,mazara,1539,0.0000,keep
Mazyr,mazyr,1540,0.0000,keep
Meath,meath,1541,0.0000,keep
Mechetnaya,mechetnaya,1542,0.0031,keep
Medininkai,medininkai,1543,0.0000,keep
Medjerda,medjerda,1544,0.0000,keep
Meleuz,meleuz,1545,,outside-image
Merida,merida,1546,0.0000,keep
Meskheti,meskheti,1547,0.0000,keep
Messenia,messenia,1548,0.0000,keep
Middle_Styria,middle_styria,1549,0.0000,keep
Middle_Weser,middle_weser,1550,0.0000,keep
Middlesex,middlesex,1551,0.0000,keep
Mikhaylovka,mikhaylovka,1552,0.0000,keep
Milano,milano,1553,0.0000,keep
Millieu,millieu,1554,0.0000,keep
Minho,minho,1555,0.0000,keep
Minsk,minsk,1556,0.0000,keep
Misratah,misratah,1557,0.0013,keep
Mitidja,mitidja,1558,0.0000,keep
Mittelmark,mittelmark,1559,0.0000,keep
Miyaneh,miyaneh,1560,0.0038,keep
Modena,modena,1561,0.0000,keep
Mogilev,mogilev,1562,0.0000,keep
Molise,molise,1563,0.0000,keep
Mologa,mologa,1564,0.0000,keep
Mondovi,mondovi,1565,0.0000,keep
Monferrato,monferrato,1566,0.0000,keep
Montana,montana,1567,0.0000,keep
Monza,monza,1568,0.0000,keep
Moray,moray,1569,0.0000,keep
Moscow,moscow,1570,0.0000,keep
Mozhaysk,mozhaysk,1571,0.0000,keep
Mstsislaw,mstsislaw,1572,0.0000,keep
Mughan,mughan,1573,0.0000,keep
Mugla,mugla,1574,0.0000,keep
Muhlviertel,muhlviertel,1575,0.0000,keep
Munchner_Schotterebene,munchner_schotterebene,1576,0.0000,keep
Munsterland,munsterland,1577,0.0000,keep
Murcia,murcia,1578,0.0000,keep
Murom,murom,1579,0.0000,keep
Nafusa,nafusa,1580,0.9796,exclude
Nagornaya,nagornaya,1581,0.0000,keep
Naklo,naklo,1582,0.0000,keep
Namur,namur,1583,0.0000,keep
Nantais,nantais,1584,0.0000,keep
Narbonnais,narbonnais,1585,0.0000,keep
Navarre,navarre,1586,0.0000,keep
Naxos,naxos,1587,0.0000,keep
Neckar,neckar,1588,0.0000,keep
Nema,nema,1589,0.9981,exclude
Neopatras,neopatras,1590,0.0000,keep
Nerike,nerike,1591,0.0000,keep
Neuchatel,neuchatel,1592,0.0000,keep
Neumark,neumark,1593,0.0000,keep
Nevernais,nevernais,1594,0.0000,keep
New_Catalonia,new_catalonia,1595,0.0000,keep
Nice,nice,1596,0.0000,keep
Niederlausitz,niederlausitz,1597,0.0000,keep
Niederrhein,niederrhein,1598,0.0000,keep
Nigde,nigde,1599,0.0000,keep
Nimois,nimois,1600,0.0000,keep
Nis,nis,1601,0.0000,keep
Nizhny_Novgorod,nizhny_novgorod,1602,0.0000,keep
Nizhyn,nizhyn,1603,0.0000,keep
Nograd,nograd,1604,0.0000,keep
Nor_Trondelag,nor_trondelag,1605,0.9172,exclude
Nordland,nordland,1606,0.8778,exclude
Norfolk,norfolk,1607,0.0000,keep
Norra_Osterbotten,norra_osterbotten,1608,0.0000,keep
Norrejylland,norrejylland,1609,0.0000,keep
North_Caucasus,north_caucasus,1610,0.0000,keep
North_Dalmatia,north_dalmatia,1611,0.0000,keep
North_Dobruja,north_dobruja,1612,0.0000,keep
North_Epirus,north_epirus,1613,0.0000,keep
North_Holland,north_holland,1614,0.0000,keep
North_Kola,north_kola,1615,0.0000,keep
North_Livonia,north_livonia,1616,0.0000,keep
North_Muntenia,north_muntenia,1617,0.0000,keep
North_Oltenia,north_oltenia,1618,0.0000,keep
North_Pskov,north_pskov,1619,0.0000,keep
North_Riding,north_riding,1620,0.0000,keep
Northamptonshire,northamptonshire,1621,0.0000,keep
Northern_Isles,northern_isles,1622,0.0000,keep
Northumberland,northumberland,1623,0.0000,keep
Noto,noto,1624,0.0000,keep
Nottinghamshire,nottinghamshire,1625,0.0000,keep
Novara,novara,1626,0.0000,keep
Novhorod_Siverskyi,novhorod_siverskyi,1627,0.0000,keep
Novogrudok,novogrudok,1628,0.0000,keep
Novosil,novosil,1629,0.0000,keep
Nowy_Sacz,nowy_sacz,1630,0.0000,keep
Nyland,nyland,1631,0.0000,keep
Ober_dem_Manhartsberg,ober_dem_manhartsberg,1632,0.0000,keep
Ober_dem_Wienerwald,ober_dem_wienerwald,1633,0.0000,keep
Oberinntal,oberinntal,1634,0.0000,keep
Oberlausitz,oberlausitz,1635,0.0000,keep
Oberpfalzer_Wald,oberpfalzer_wald,1636,0.0000,keep
Oberwallis,oberwallis,1637,0.0000,keep
Obonezhskaya,obonezhskaya,1638,0.0000,keep
Ocana,ocana,1639,0.0000,keep
Ochyor,ochyor,1640,1.0000,exclude
Odenwald,odenwald,1641,0.0000,keep
Odoyev,odoyev,1642,0.0000,keep
Oleshia,oleshia,1643,0.0000,keep
Olesnica,olesnica,1644,0.0000,keep
Olevsk,olevsk,1645,0.0000,keep
Olomoucko,olomoucko,1646,0.0000,keep
Ommelanden,ommelanden,1647,0.0000,keep
Omutninsk,omutninsk,1648,0.9997,exclude
Onega,onega,1649,0.0162,keep
Opavsko,opavsko,1650,0.0000,keep
Opole,opole,1651,0.0000,keep
Oppland,oppland,1652,0.0000,keep
Or_Qapi,or_qapi,1653,0.0000,keep
Oran,oran,1654,0.0000,keep
Orhei,orhei,1655,0.0000,keep
Oriel,oriel,1656,0.0000,keep
Orihuela,orihuela,1657,0.0000,keep
Orleanais,orleanais,1658,0.0000,keep
Orlov,orlov,1659,1.0000,exclude
Orsha,orsha,1660,0.0000,keep
Osona,osona,1661,0.0000,keep
Ostergotland,ostergotland,1662,0.0000,keep
Ostfold,ostfold,1663,0.0000,keep
Ostra_Smaland,ostra_smaland,1664,0.0000,keep
Ostwestphalia,ostwestphalia,1665,0.0000,keep
Otranto,otranto,1666,0.0000,keep
Ouarsenis,ouarsenis,1667,0.0000,keep
Oujda,oujda,1668,0.0000,keep
Ourense,ourense,1669,0.0000,keep
Outer_Hebrides,outer_hebrides,1670,0.0000,keep
Overijssel,overijssel,1671,0.0000,keep
Ovruch,ovruch,1672,0.0000,keep
Oxfordshire,oxfordshire,1673,0.0000,keep
Padua,padua,1674,0.0000,keep
Palatinate,palatinate,1675,0.0000,keep
Palencia,palencia,1676,0.0000,keep
Parma,parma,1677,0.0000,keep
Patrimonio,patrimonio,1678,0.0000,keep
Pavia,pavia,1679,0.0000,keep
Pays_France,pays_france,1680,0.0000,keep
Pays_Messin,pays_messin,1681,0.0000,keep
Pays_Nancy,pays_nancy,1682,0.0000,keep
Penza,penza,1683,0.0000,keep
Perche,perche,1684,0.0000,keep
Pereiaslav,pereiaslav,1685,0.0000,keep
Pereyaslavl,pereyaslavl,1686,0.0000,keep
Perigord,perigord,1687,0.0000,keep
Perm,perm,1688,,outside-image
Perthois,perthois,1689,0.0000,keep
Perthshire,perthshire,1690,0.0000,keep
Perugia,perugia,1691,0.0000,keep
Pest,pest,1692,0.0000,keep
Piacenza,piacenza,1693,0.0000,keep
Pilzno,pilzno,1694,0.0000,keep
Pinsk,pinsk,1695,0.0000,keep
Pinzgau,pinzgau,1696,0.0000,keep
Pirin,pirin,1697,0.0000,keep
Pisa,pisa,1698,0.0000,keep
Pite_Lappmark,pite_lappmark,1699,0.0098,keep
Piterka,piterka,1700,0.0000,keep
Plasencia,plasencia,1701,0.0000,keep
Pleven,pleven,1702,0.0000,keep
Plock,plock,1703,0.0000,keep
Ploermel,ploermel,1704,0.0000,keep
Plzensko,plzensko,1705,0.0000,keep
Pocutia,pocutia,1706,0.0000,keep
Podlasie,podlasie,1707,0.0000,keep
Podrinje,podrinje,1708,0.0000,keep
Pologoye_Zaymishche,pologoye_zaymishche,1709,0.0000,keep
Polotsk,polotsk,1710,0.0000,keep
Poltava,poltava,1711,0.0000,keep
Pomorye,pomorye,1712,0.0000,keep
Pongau,pongau,1713,0.0000,keep
Ponthieu,ponthieu,1714,0.0000,keep
Porossia,porossia,1715,0.0000,keep
Powys,powys,1716,0.0000,keep
Poznan,poznan,1717,0.0000,keep
Pozsony,pozsony,1718,0.0000,keep
Prachensko,prachensko,1719,0.0000,keep
Prague,prague,1720,0.0000,keep
Preslav,preslav,1721,0.0000,keep
Prignitz,prignitz,1722,0.0000,keep
Prilep,prilep,1723,0.0000,keep
Principato_Citra,principato_citra,1724,0.0000,keep
Principato_Ultra,principato_ultra,1725,0.0000,keep
Privolnoye,privolnoye,1726,0.0000,keep
Priyutnoye,priyutnoye,1727,0.0000,keep
Pronsk,pronsk,1728,0.0000,keep
Przemysl,przemysl,1729,0.0000,keep
Pumonte,pumonte,1730,0.0000,keep
Punente,punente,1731,0.0000,keep
Pyritz,pyritz,1732,0.0000,keep
Pyzdry,pyzdry,1733,0.0000,keep
Qabisa,qabisa,1734,0.0000,keep
Qalancak,qalancak,1735,0.0000,keep
Qamuda,qamuda,1736,0.0000,keep
Quercy,quercy,1737,0.0000,keep
Radom,radom,1738,0.0000,keep
Raseiniai,raseiniai,1739,0.0000,keep
Raska,raska,1740,0.0000,keep
Rawa,rawa,1741,0.0000,keep
Razes,razes,1742,0.0000,keep
Rechytsa,rechytsa,1743,0.0000,keep
Reggioem,reggioem,1744,0.0000,keep
Remois,remois,1745,0.0000,keep
Rennais,rennais,1746,0.0000,keep
Rethelois,rethelois,1747,0.0000,keep
Rhine_Valley,rhine_valley,1748,0.0000,keep
Rhodopes,rhodopes,1749,0.0000,keep
Ribatejo,ribatejo,1750,0.0000,keep
Ries,ries,1751,0.0000,keep
Rivne,rivne,1752,0.0000,keep
Rodos,rodos,1753,0.0000,keep
Rogaland,rogaland,1754,0.0000,keep
Romagna,romagna,1755,0.0000,keep
Roman_Flanders,roman_flanders,1756,0.0000,keep
Romsdalen,romsdalen,1757,0.0000,keep
Roscommon,roscommon,1758,0.0000,keep
Rosello,rosello,1759,0.0000,keep
Roslavl,roslavl,1760,0.0000,keep
Ross,ross,1761,0.0000,keep
Rostislavl,rostislavl,1762,0.0000,keep
Rostov,rostov,1763,0.0000,keep
Rotalia,rotalia,1764,0.0000,keep
Rouennais,rouennais,1765,0.0000,keep
Rouergue,rouergue,1766,0.0000,keep
Ruhr,ruhr,1767,0.0000,keep
Rustamdar,rustamdar,1768,0.9728,exclude
Ryazan,ryazan,1769,0.0000,keep
Ryn,ryn,1770,0.9835,exclude
Rzhev,rzhev,1771,0.0000,keep
Rzhevskaya,rzhevskaya,1772,0.0000,keep
Saale,saale,1773,0.0000,keep
Safranbolu,safranbolu,1774,0.0000,keep
Sahel_Tun,sahel_tun,1775,0.0000,keep
Saintonge,saintonge,1776,0.0000,keep
Salamanca,salamanca,1777,0.0000,keep
Saluzzo,saluzzo,1778,0.0000,keep
Salzburger_Land,salzburger_land,1779,0.0000,keep
Samara,samara,1780,0.0081,keep
Samegrelo,samegrelo,1781,0.0000,keep
Samtskhe,samtskhe,1782,0.0000,keep
Sandomierz,sandomierz,1783,0.0000,keep
Sanok,sanok,1784,0.0000,keep
Santiago,santiago,1785,0.0000,keep
Sarapul,sarapul,1786,0.9922,exclude
Saratov,saratov,1787,0.0000,keep
Sarov,sarov,1788,0.0000,keep
Sarregueminois,sarregueminois,1789,0.0000,keep
Saruhan,saruhan,1790,0.0000,keep
Satakunta,satakunta,1791,0.0000,keep
Sauerland,sauerland,1792,0.0000,keep
Savolax,savolax,1793,0.0000,keep
Savoy,savoy,1794,0.0000,keep
Schaunberg,schaunberg,1795,0.0000,keep
Schwarzwald,schwarzwald,1796,0.0000,keep
Schwerin,schwerin,1797,0.0000,keep
Seenplatte,seenplatte,1798,0.0000,keep
Segovia,segovia,1799,0.0000,keep
Selonia,selonia,1800,0.0000,keep
Semigalia,semigalia,1801,0.0000,keep
Semikarakorsk,semikarakorsk,1802,0.0000,keep
Senonais,senonais,1803,0.0000,keep
Sergiyevsk,sergiyevsk,1804,0.0253,keep
Sevilla,sevilla,1805,0.0000,keep
Shagiz,shagiz,1806,0.9814,exclude
Shaki,shaki,1807,0.0000,keep
Sharat,sharat,1808,0.0000,keep
Sharqiyya,sharqiyya,1809,0.0000,keep
Shenkursk,shenkursk,1810,0.9887,exclude
Shirvan,shirvan,1811,0.0000,keep
Shropshire,shropshire,1812,0.0000,keep
Shuya,shuya,1813,0.0000,keep
Siauliai,siauliai,1814,0.0000,keep
Siena,siena,1815,0.0000,keep
Sieradz,sieradz,1816,0.0000,keep
Simbirsk,simbirsk,1817,0.0000,keep
Simsir,simsir,1818,0.0000,keep
Sinop,sinop,1819,0.0000,keep
Sis,sis,1820,0.0000,keep
Sivas,sivas,1821,0.0000,keep
Sivrihisar,sivrihisar,1822,0.0000,keep
Slesvig,slesvig,1823,0.0000,keep
Sliven,sliven,1824,0.0000,keep
Slonin,slonin,1825,0.0000,keep
Slutsk,slutsk,1826,0.0000,keep
Smolensk,smolensk,1827,0.0000,keep
Smyrna,smyrna,1828,0.0000,keep
Sodermanland,sodermanland,1829,0.0000,keep
Sodra_Osterbotten,sodra_osterbotten,1830,0.0000,keep
Sogn,sogn,1831,0.0000,keep
Soissonais,soissonais,1832,0.0000,keep
Somerset,somerset,1833,0.0000,keep
Somogy,somogy,1834,0.0000,keep
Sonderjylland,sonderjylland,1835,0.0000,keep
Sopron,sopron,1836,0.0000,keep
Sor_Trondelag,sor_trondelag,1837,0.0084,keep
Soria,soria,1838,0.0000,keep
Sorochinskaya,sorochinskaya,1839,0.9916,exclude
South_Dalmatia,south_dalmatia,1840,0.0000,keep
South_Dobruja,south_dobruja,1841,0.0000,keep
South_Epirus,south_epirus,1842,0.0000,keep
South_Holland,south_holland,1843,0.0000,keep
South_Kola,south_kola,1844,0.0000,keep
South_Livonia,south_livonia,1845,0.0000,keep
South_Muntenia,south_muntenia,1846,0.0000,keep
South_Oltenia,south_oltenia,1847,0.0000,keep
South_Pskov,south_pskov,1848,0.0000,keep
South_Tirol,south_tirol,1849,0.0000,keep
Spessart,spessart,1850,0.0000,keep
Spoleto,spoleto,1851,0.0000,keep
Sredets,sredets,1852,0.0000,keep
Staffordshire,staffordshire,1853,0.0000,keep
Starodub,starodub,1854,0.0000,keep
Starodub_Siverskyi,starodub_siverskyi,1855,0.0000,keep
Stavropol,stavropol,1856,0.0000,keep
Stettin,stettin,1857,0.0000,keep
Stolp,stolp,1858,0.0000,keep
Strathclyde,strathclyde,1859,0.0000,keep
Suceava,suceava,1860,0.0000,keep
Suffolk,suffolk,1861,0.0000,keep
Sultanonu,sultanonu,1862,0.0000,keep
Sumadija,sumadija,1863,0.0000,keep
Sumy,sumy,1864,0.0000,keep
Surrey,surrey,1865,0.0000,keep
Sussex,sussex,1866,0.0000,keep
Sutherland,sutherland,1867,0.0000,keep
Suwalki,suwalki,1868,0.0000,keep
Suzdal,suzdal,1869,0.0000,keep
Svir,svir,1870,0.0000,keep
Swabian_Alb,swabian_alb,1871,0.0000,keep
Swidnica,swidnica,1872,0.0000,keep
Syun,syun,1873,0.9774,exclude
Syunik,syunik,1874,0.0000,keep
Szabolcs,szabolcs,1875,0.0000,keep
Szatmar,szatmar,1876,0.0000,keep
Szczyrzyc,szczyrzyc,1877,0.0000,keep
Szekelyfold,szekelyfold,1878,0.0000,keep
Szepes,szepes,1879,0.0000,keep
Szolnok,szolnok,1880,0.0000,keep
Tabaristan,tabaristan,1881,0.9883,exclude
Tabriz,tabriz,1882,0.0000,keep
Tadla,tadla,1883,0.0000,keep
Talish,talish,1884,0.0321,keep
Taman,taman,1885,0.0000,keep
Tamasna,tamasna,1886,0.0000,keep
Tambov,tambov,1887,0.0000,keep
Tana,tana,1888,0.0000,keep
Tarki,tarki,1889,0.0000,keep
Tarnovo,tarnovo,1890,0.0000,keep
Tarsus,tarsus,1891,0.0000,keep
Tartu,tartu,1892,0.0000,keep
Tarusa,tarusa,1893,0.0000,keep
Tashir,tashir,1894,0.0000,keep
Taskala,taskala,1895,0.9895,exclude
Tauberfranken,tauberfranken,1896,0.0000,keep
Taunus,taunus,1897,0.0000,keep
Tavastland,tavastland,1898,0.0000,keep
Terebovlia,terebovlia,1899,0.0000,keep
Terek,terek,1900,0.0000,keep
Teruel,teruel,1901,0.0000,keep
Tesin,tesin,1902,0.0000,keep
Teviotdale,teviotdale,1903,0.0000,keep
Thessaly,thessaly,1904,0.0000,keep
Thierache,thierache,1905,0.0000,keep
Thurgau,thurgau,1906,0.0000,keep
Thuringer_Becken,thuringer_becken,1907,0.0000,keep
Thuringer_Wald,thuringer_wald,1908,0.0000,keep
Ticino,ticino,1909,0.0000,keep
Tioharad,tioharad,1910,0.0000,keep
Tipperary,tipperary,1911,0.0000,keep
Tlemcen,tlemcen,1912,0.0000,keep
Tokat,tokat,1913,0.0000,keep
Toledo,toledo,1914,0.0000,keep
Toplica,toplica,1915,0.0000,keep
Torda,torda,1916,0.0000,keep
Torgovytsia,torgovytsia,1917,0.0000,keep
Torino,torino,1918,0.0000,keep
Torne_Lappmark,torne_lappmark,1919,0.0081,keep
Toropets,toropets,1920,0.0000,keep
Torzhok,torzhok,1921,0.0000,keep
Totma,totma,1922,0.9968,exclude
Toulousain,toulousain,1923,0.0000,keep
Touraine,touraine,1924,0.0000,keep
Trakai,trakai,1925,0.0000,keep
Tras_Os_Montes,tras_os_montes,1926,0.0000,keep
Traungau,traungau,1927,0.0000,keep
Trebizond,trebizond,1928,0.0000,keep
Tregor,tregor,1929,0.0000,keep
Trencsen,trencsen,1930,0.0000,keep
Trentino,trentino,1931,0.0000,keep
Tripolitania,tripolitania,1932,0.0377,keep
Troitskoye_Kuroedovo,troitskoye_kuroedovo,1933,0.0000,keep
Trubchevsk,trubchevsk,1934,0.0000,keep
Trujillo,trujillo,1935,0.0000,keep
Tuapse,tuapse,1936,0.0000,keep
Tuchola,tuchola,1937,0.0000,keep
Tula_Russia,tula_russia,1938,0.0000,keep
Tunis,tunis,1939,0.0000,keep
Turenne,turenne,1940,0.0000,keep
Turov,turov,1941,0.0000,keep
Tursan,tursan,1942,0.0000,keep
Tver,tver,1943,0.0000,keep
Tverskaya,tverskaya,1944,0.0000,keep
Tyrone,tyrone,1945,0.0000,keep
Uckermark,uckermark,1946,0.0000,keep
Ufa,ufa,1947,,outside-image
Uglich,uglich,1948,0.0000,keep
Uil,uil,1949,1.0000,exclude
Ume_Lappmark,ume_lappmark,1950,0.0133,keep
Una_Sana,una_sana,1951,0.0000,keep
Unter_dem_Manhartsberg,unter_dem_manhartsberg,1952,0.0000,keep
Unter_dem_Wienerwald,unter_dem_wienerwald,1953,0.0000,keep
Unterinntal,unterinntal,1954,0.0000,keep
Untermain,untermain,1955,0.0000,keep
Unzha,unzha,1956,0.0342,keep
Upper_Alsace,upper_alsace,1957,0.0000,keep
Upper_Artois,upper_artois,1958,0.0000,keep
Upper_Auvergne,upper_auvergne,1959,0.0000,keep
Upper_Berry,upper_berry,1960,0.0000,keep
Upper_Carinthia,upper_carinthia,1961,0.0000,keep
Upper_Carniola,upper_carniola,1962,0.0000,keep
Upper_Emba,upper_emba,1963,,outside-image
Upper_Macedonia,upper_macedonia,1964,0.0000,keep
Upper_Maine,upper_maine,1965,0.0000,keep
Upper_Poitou,upper_poitou,1966,0.0000,keep
Upper_Prussia,upper_prussia,1967,0.0000,keep
Upper_Styria,upper_styria,1968,0.0000,keep
Uppland,uppland,1969,0.0000,keep
Upyte,upyte,1970,0.0000,keep
Ural,ural,1971,,outside-image
Urbino,urbino,1972,0.0000,keep
Uren,uren,1973,0.0234,keep
Urgell,urgell,1974,0.0000,keep
Usak,usak,1975,0.0000,keep
Usolye,usolye,1976,,outside-image
Usora_And_Soli,usora_and_soli,1977,0.0000,keep
Ust_Tsimla,ust_tsimla,1978,0.0000,keep
Ust_Yurt,ust_yurt,1979,,outside-image
Ustye,ustye,1980,0.9921,exclude
Uzboy,uzboy,1981,0.8778,exclude
Valencia,valencia,1982,0.0000,keep
Valentinois,valentinois,1983,0.0000,keep
Valladolid,valladolid,1984,0.0000,keep
Valtellina,valtellina,1985,0.0000,keep
Van,van,1986,0.0000,keep
Vannetais,vannetais,1987,0.0000,keep
Vardar,vardar,1988,0.0000,keep
Varmland,varmland,1989,0.0000,keep
Vas,vas,1990,0.0000,keep
Vashki,vashki,1991,0.0000,keep
Vasterbotten,vasterbotten,1992,0.0000,keep
Vastergotland,vastergotland,1993,0.0000,keep
Vastmanland,vastmanland,1994,0.0000,keep
Vaud,vaud,1995,0.0000,keep
Vawkavysk,vawkavysk,1996,0.0000,keep
Velsk,velsk,1997,0.9931,exclude
Vendsyssel_Thy,vendsyssel_thy,1998,0.0000,keep
Venice,venice,1999,0.0000,keep
Verdunois,verdunois,2000,0.0000,keep
Vermandois,vermandois,2001,0.0000,keep
Verona,verona,2002,0.0000,keep
Verzhavsk,verzhavsk,2003,0.0000,keep
Vestfold,vestfold,2004,0.0000,keep
Vicenza,vicenza,2005,0.0000,keep
Vidin,vidin,2006,0.0000,keep
Viennois,viennois,2007,0.0000,keep
Vilkmerge,vilkmerge,2008,0.0000,keep
Villanueva_de_la_Serena,villanueva_de_la_serena,2009,0.0000,keep
Vilnius,vilnius,2010,0.0000,keep
Vinnytsia,vinnytsia,2011,0.0000,keep
Vitebsk,vitebsk,2012,0.0000,keep
Vivarais,vivarais,2013,0.0000,keep
Vladimir,vladimir,2014,0.0000,keep
Vodskaya,vodskaya,2015,0.0000,keep
Vogelsberg,vogelsberg,2016,0.0000,keep
Vogtland,vogtland,2017,0.0000,keep
Volkhovskaya,volkhovskaya,2018,0.0000,keep
Volodymyr,volodymyr,2019,0.0000,keep
Vologda,vologda,2020,0.0437,keep
Vorarlberg,vorarlberg,2021,0.0000,keep
Voronezh,voronezh,2022,0.0000,keep
Vorpommern,vorpommern,2023,0.0000,keep
Vosges,vosges,2024,0.0000,keep
Vukovar_Syrmia,vukovar_syrmia,2025,0.0000,keep
Vyatka,vyatka,2026,0.9992,exclude
Vyazma,vyazma,2027,0.0000,keep
Vyborg,vyborg,2028,0.0000,keep
Waldstatte,waldstatte,2029,0.0000,keep
Warmia,warmia,2030,0.0000,keep
Warsaw,warsaw,2031,0.0000,keep
Warwickshire,warwickshire,2032,0.0000,keep
Waterford,waterford,2033,0.0000,keep
Wesermarch,wesermarch,2034,0.0000,keep
West_Asturias,west_asturias,2035,0.0000,keep
West_Banat,west_banat,2036,0.0000,keep
West_Flanders,west_flanders,2037,0.0000,keep
West_Luxembourg,west_luxembourg,2038,0.0000,keep
West_Mancha,west_mancha,2039,0.0000,keep
West_Muntenia,west_muntenia,2040,0.0000,keep
West_Riding,west_riding,2041,0.0000,keep
Western_Jutland,western_jutland,2042,0.0000,keep
Western_Kola,western_kola,2043,0.0000,keep
Western_Podolia,western_podolia,2044,0.0000,keep
Western_Upper_Swabia,western_upper_swabia,2045,0.0000,keep
Westerwald,westerwald,2046,0.0000,keep
Westmorland,westmorland,2047,0.0000,keep
Wetterau,wetterau,2048,0.0000,keep
Wexford,wexford,2049,0.0000,keep
White_Karelia,white_karelia,2050,0.0000,keep
Wielun,wielun,2051,0.0000,keep
Wiltshire,wiltshire,2052,0.0000,keep
Worcestershire,worcestershire,2053,0.0000,keep
Wroclaw,wroclaw,2054,0.0000,keep
Yaransk,yaransk,2055,0.0252,keep
Yaren,yaren,2056,0.9860,exclude
Yaroslavl,yaroslavl,2057,0.0000,keep
Yazhelbitskaya,yazhelbitskaya,2058,0.0000,keep
Yelan,yelan,2059,0.0000,keep
Yelanets,yelanets,2060,0.0000,keep
Yelets,yelets,2061,0.0000,keep
Yemetsk,yemetsk,2062,0.9911,exclude
Yerevan,yerevan,2063,0.0000,keep
Ystyug,ystyug,2064,0.9976,exclude
Zagan,zagan,2065,0.0000,keep
Zagore,zagore,2066,0.0000,keep
Zagreb,zagreb,2067,0.0000,keep
Zala,zala,2068,0.0000,keep
Zamora,zamora,2069,0.0000,keep
Zamyany,zamyany,2070,0.0000,keep
Zaonezhye,zaonezhye,2071,0.0000,keep
Zaporizhzhia,zaporizhzhia,2072,0.0000,keep
Zaragoza,zaragoza,2073,0.0000,keep
Zarand_Hun,zarand_hun,2074,0.0000,keep
Zatecko,zatecko,2075,0.0000,keep
Zealand,zealand,2076,0.0000,keep
Zemplen,zemplen,2077,0.0000,keep
Zeta,zeta,2078,0.0000,keep
Zhydachiv,zhydachiv,2079,0.0000,keep
Zhytomyr,zhytomyr,2080,0.0000,keep
Zlatibor,zlatibor,2081,0.0000,keep
Znin,znin,2082,0.0000,keep
Znojemsko,znojemsko,2083,0.0000,keep
Zubtsov,zubtsov,2084,0.0000,keep
Zvenigorod,zvenigorod,2085,0.0000,keep
Zviahel,zviahel,2086,0.0000,keep
