key	name_ru	parts	min_part_dist_u	max_part_dist_u	part_areas	sea_zones	flag
northern_isles	Леруик	19	0.06	22.39	3.38,2.63,1.69,1.08,0.55,0.46,0.42,0.29,0.13,0.13,0.12,0.12,0.07,0.06,0.06,0.06,0.04,0.02,0.02	Море у Фарер;Северное море	diff_seas
north_kola	Мурманск	6	0.04	22.11	321.92,0.38,0.04,0.01,0.01,0.01	Баренцево море (восточное);Баренцево море (западное);Белое море	diff_seas
white_karelia	Кемь	13	0.02	14.64	68.83,0.26,0.12,0.07,0.05,0.04,0.03,0.03,0.02,0.02,0.02,0.02,0.01	Белое море	diff_seas
zealand	Копенгаген	6	0.11	13.91	17.72,1.45,0.50,0.25,0.04,0.03	Балтийское море;Датские проливы;Скагеррак и Каттегат	diff_seas
norra_osterbotten	Оулу	4	0.02	13.10	132.60,0.61,0.12,0.08	Ботнический залив	diff_seas
qalancak	Новая Каховка	4	0.30	11.54	34.88,0.13,0.11,0.03	Азовское море;Чёрное море (западное)	diff_seas
romsdalen	Молде	28	0.08	11.44	52.75,1.03,0.91,0.88,0.64,0.44,0.28,0.27,0.26,0.16,0.15,0.13,0.10,0.05,0.05,0.04,0.04,0.03,0.03,0.03,0.03,0.02,0.02,0.02,0.02,0.02,0.01,0.01	Норвежское море;Северное море	diff_seas
mazara	Палермо	5	0.30	10.95	6.83,0.13,0.04,0.04,0.03	Сицилийский пролив;Тирренское море	diff_seas
pomorye	Беломорск	12	0.09	9.72	94.50,0.87,0.14,0.07,0.05,0.03,0.02,0.01,0.01,0.01,0.01,0.01	Белое море	diff_seas
ostra_smaland	Кальмар	5	0.11	9.50	33.46,3.48,0.07,0.03,0.01	Балтийское море	diff_seas
lemnos	Лемнос	17	0.08	9.13	2.57,0.80,0.45,0.37,0.29,0.16,0.11,0.07,0.07,0.06,0.04,0.03,0.02,0.01,0.01,0.01,0.01	Мраморное море;Эгейское море	diff_seas
rodos	Родос	19	0.05	8.99	2.09,0.46,0.39,0.23,0.12,0.11,0.10,0.09,0.06,0.05,0.04,0.03,0.02,0.02,0.01,0.01,0.01,0.01,0.01	Критское море;Эгейское море	diff_seas
uppland	Стокгольм	15	0.05	8.07	29.36,3.16,0.76,0.56,0.30,0.13,0.13,0.12,0.07,0.05,0.04,0.03,0.03,0.02,0.01	Балтийское море;Ботнический залив	diff_seas
naxos	Наксос	30	0.03	7.93	0.64,0.59,0.42,0.39,0.39,0.37,0.32,0.24,0.17,0.17,0.17,0.13,0.13,0.12,0.09,0.08,0.06,0.06,0.04,0.04,0.04,0.03,0.03,0.03,0.02,0.02,0.01,0.01,0.01,0.01	Критское море;Эгейское море	diff_seas
rotalia	Хаапсалу	12	0.08	7.53	12.99,7.26,2.79,0.56,0.26,0.04,0.04,0.03,0.02,0.02,0.01,0.01	Балтийское море;Финский залив	diff_seas
vendsyssel_thy	Фредериксхавн	3	0.08	7.18	14.48,0.51,0.27	Северное море;Скагеррак и Каттегат	diff_seas
outer_hebrides	Сторновей	9	0.06	7.05	6.02,4.44,0.88,0.85,0.28,0.23,0.21,0.09,0.08	Ирландское море;Северная Атлантика	diff_seas
bergenhus	Берген	19	0.00	6.89	62.40,8.54,3.49,1.42,0.79,0.70,0.66,0.25,0.21,0.14,0.13,0.07,0.05,0.04,0.03,0.03,0.02,0.01,0.01	Северное море	diff_seas
lancashire	Ливерпуль	3	1.89	6.40	9.77,0.41,0.19	Ирландское море	diff_seas
sogn	Согндал	15	0.04	5.43	82.33,1.33,0.50,0.50,0.14,0.09,0.03,0.03,0.03,0.02,0.02,0.02,0.01,0.01,0.01	Норвежское море;Северное море	diff_seas
sodermanland	Эскильстюна	5	0.08	5.28	24.53,0.32,0.08,0.04,0.03	Балтийское море	diff_seas
sonderjylland	Хадерслев	7	0.05	5.28	11.70,0.70,0.24,0.20,0.19,0.07,0.04	Датские проливы;Северное море	diff_seas
vorpommern	Грайфсвальд	6	0.03	5.00	12.80,2.25,1.02,0.52,0.07,0.02	Балтийское море;Датские проливы	diff_seas
grosseto	Гроссето	4	0.34	4.60	6.98,0.38,0.04,0.04	Лигурийское море;Тирренское море	diff_seas
south_kola	Кандалакша	5	0.04	4.58	68.80,0.04,0.01,0.01,0.01	Баренцево море (восточное);Белое море	diff_seas
finland	Турку	8	0.08	3.54	25.35,0.61,0.60,0.53,0.23,0.12,0.06,0.06	Ботнический залив;Финский залив	diff_seas
noto	Катания	3	0.06	3.44	9.58,0.41,0.12	Ионическое море;Сицилийский пролив	diff_seas
ostergotland	Линчёпинг	4	0.00	3.39	22.83,0.00,0.00,0.00	Балтийское море	diff_seas
lika	Госпич	17	0.06	3.35	12.20,0.74,0.71,0.52,0.18,0.17,0.04,0.03,0.03,0.03,0.03,0.03,0.02,0.01,0.01,0.01,0.01	Адриатическое море	diff_seas
rogaland	Ставангер	18	0.06	3.35	7.63,6.75,3.33,0.19,0.15,0.09,0.08,0.07,0.06,0.05,0.05,0.02,0.02,0.01,0.01,0.01,0.01,0.01	Северное море;Скагеррак и Каттегат	diff_seas
biga	Чанаккале	5	0.15	3.27	17.63,0.20,0.03,0.02,0.02	Мраморное море;Эгейское море	diff_seas
euboea	Халкида	4	0.05	2.67	5.77,0.22,0.03,0.01	Эгейское море	diff_seas
demena	Мессина	6	0.13	2.37	11.49,0.06,0.04,0.03,0.02,0.01	Ионическое море;Тирренское море	diff_seas
cornwall	Труро	4	0.08	2.13	7.49,0.05,0.02,0.02	Кельтское море;Ла-Манш	diff_seas
north_holland	Амстердам	6	0.06	1.92	7.58,0.20,0.10,0.07,0.03,0.01	Северное море	diff_seas
gallura	Ольбия	4	0.05	1.85	6.65,0.09,0.02,0.01	Лигурийское море;Тирренское море	diff_seas
western_kola	Мончегорск	5	0.03	1.33	183.56,1.05,0.45,0.12,0.01	Баренцево море (западное)	diff_seas
slesvig	Фленсбург	7	0.09	1.30	9.50,0.08,0.08,0.04,0.03,0.02,0.01	Датские проливы;Северное море	diff_seas
galway	Голуэй	7	0.05	1.18	12.76,0.09,0.04,0.02,0.01,0.01,0.01	Кельтское море;Северная Атлантика	diff_seas
moray	Элгин	2	0.92	0.92	17.50,0.73	Северное море	diff_seas
tregor	Сен-Бриё	3	0.26	0.86	11.95,0.05,0.01	Бискайский залив;Кельтское море;Ла-Манш	diff_seas
argolis	Аргос	4	0.09	0.71	4.57,0.07,0.04,0.01	Критское море;Эгейское море	diff_seas
corinthia	Коринф	3	0.12	0.49	4.62,0.08,0.02	Критское море;Эгейское море	diff_seas
dracenois	Тулон	3	0.16	0.48	10.23,0.03,0.03	Балеарское море;Лигурийское море	diff_seas
kocaeli	Измит	2	0.17	0.17	10.53,0.02	Мраморное море;Чёрное море (западное)	diff_seas
vastergotland	Шёвде	2	0.11	0.11	49.52,0.02	Скагеррак и Каттегат	diff_seas
blekinge	Карлскруна	2	0.10	0.10	9.58,0.05	Балтийское море;Датские проливы	diff_seas
santiago	Сантьяго-де-Компостела	2	0.10	0.10	14.43,0.01	Атлантика у Иберии;Бискайский залив	diff_seas
mugla	Мугла	2	0.05	0.05	28.77,0.01	Критское море;Левантийское море;Эгейское море	diff_seas
