a_id	a_key	a_name_ru	b_id	b_key	b_name_ru	strait_name	multiplier
1008	aetolia	Агринион	1385	ionian_islands	Корфу	Пролив Лефкады	
1046	antrim	Белфаст	1055	argyll	Обан	Северный пролив	
1055	argyll	Обан	1382	inner_hebrides	Портри	Пролив Внутренних Гебрид	
1174	calabria_ultra	Реджо-ди-Калабрия	1240	demena	Мессина	Мессинский пролив	
1199	chios	Хиос	1828	smyrna	Измир	Хиосский пролив	
1275	eastern_jutland	Орхус	1309	funen	Оденсе	Малый Бельт	
1309	funen	Оденсе	2076	zealand	Копенгаген	Большой Бельт	
1312	gallura	Ольбия	1730	pumonte	Аяччо	Пролив Бонифачо	
1329	gonge	Кристианстад	2076	zealand	Копенгаген	Пролив Сторстрём	
1385	ionian_islands	Корфу	1613	north_epirus	Гирокастра	Корфуский пролив	
1419	kent	Дувр	1714	ponthieu	Аббевиль	Дуврский пролив	
1527	malmohus	Мальмё	2076	zealand	Копенгаген	Эресунн	
1574	mugla	Мугла	1753	rodos	Родос	Родосский пролив	
1609	norrejylland	Ольборг	1998	vendsyssel_thy	Фредериксхавн	Лим-фьорд	
1622	northern_isles	Леруик	1867	sutherland	Турсо	Пентленд-Ферт	
1670	outer_hebrides	Сторновей	1761	ross	Инвернесс	Пролив Минч	
