a_key	a_name_ru	b_key	b_name_ru	distance_u	existing_edge	water_between	class	area_a	area_b
abruzzo_citra	Пескара	lavoro	Неаполь	0.000	none	land:molise	narrow	5.48	12.69
alexandria	Александрия	cairo	Каир	0.000	none	-	narrow	23.89	9.53
berkshire	Рединг	gloucestershire	Глостер	0.000	none	-	narrow	4.15	7.29
cheshire	Манчестер	west_riding	Лидс	0.000	none	-	narrow	5.97	16.80
csongrad	Сегед	west_banat	Панчево	0.000	none	land:csanad	narrow	15.59	21.74
deheubarth	Кармартен	powys	Уэлшпул	0.000	none	Ирландское море	narrow	11.80	6.45
kaunas	Каунас	lithuania_minor	Клайпеда	0.000	none	land:trakai	narrow	13.94	18.65
kaunas	Каунас	vilnius	Вильнюс	0.000	none	-	narrow	13.94	14.25
lithuania_minor	Клайпеда	trakai	Тракай	0.000	none	-	narrow	18.65	16.03
palatinate	Кайзерслаутерн	rhine_valley	Карлсруэ	0.000	none	land:lower_alsace	narrow	11.42	8.01
pleven	Плевен	west_muntenia	Питешти	0.000	none	land:tarnovo	narrow	22.66	24.68
ponthieu	Аббевиль	west_flanders	Дюнкерк	0.000	none	Северное море	narrow	6.54	9.26
upper_carinthia	Филлах	upper_styria	Леобен	0.000	none	-	narrow	12.10	18.64
danzig	Гданьск	lower_prussia	Калининград	0.002	none	Балтийское море	narrow	15.90	21.71
cremona	Кремона	reggioem	Реджо-Эмилия	0.008	none	-	narrow	5.59	3.88
argyll	Обан	inner_hebrides	Портри	0.060	strait	Ирландское море	narrow	24.10	7.89
galway	Голуэй	meath	Наван	0.061	none	land:roscommon	narrow	12.94	12.45
funen	Оденсе	zealand	Копенгаген	0.062	strait	Датские проливы	narrow	12.48	19.98
chios	Хиос	smyrna	Измир	0.064	strait	Эгейское море	narrow	2.71	8.68
achaea	Патры	aetolia	Агринион	0.070	none	Ионическое море	narrow	4.10	13.32
aetolia	Агринион	ionian_islands	Корфу	0.080	strait	Ионическое море	narrow	13.32	3.54
ionian_islands	Корфу	north_epirus	Гирокастра	0.093	strait	Ионическое море	narrow	3.54	14.23
norrejylland	Ольборг	vendsyssel_thy	Фредериксхавн	0.096	strait	-	narrow	13.25	15.27
oxfordshire	Оксфорд	wiltshire	Свиндон	0.103	none	land:berkshire	narrow	4.24	7.49
essex	Челмсфорд	kent	Дувр	0.105	none	Северное море	narrow	8.73	7.29
mantua	Мантуя	parma	Парма	0.106	none	land:reggioem	narrow	2.64	5.17
clare	Эннис	tipperary	Типперэри	0.109	none	land:limerick	narrow	6.81	10.94
abruzzo_ultra	Л’Акуила	molise	Кампобассо	0.110	none	land:lavoro	narrow	14.76	6.98
biga	Чанаккале	dardanelles	Гелиболу	0.110	none	Мраморное море	narrow	17.90	14.60
eastern_jutland	Орхус	funen	Оденсе	0.113	strait	Датские проливы	narrow	19.20	12.48
florence	Флоренция	modena	Модена	0.115	none	land:lucca	narrow	10.37	4.50
aydin	Айдын	chios	Хиос	0.118	none	Эгейское море	narrow	21.81	2.71
ostra_smaland	Кальмар	vastergotland	Шёвде	0.124	none	land:tioharad	narrow	37.05	49.54
euboea	Халкида	neopatras	Ламия	0.128	none	-	narrow	6.03	5.81
galway	Голуэй	tipperary	Типперэри	0.130	none	-	narrow	12.94	10.94
south_oltenia	Крайова	tarnovo	Велико-Тырново	0.130	none	-	narrow	23.16	17.03
constantinople	Стамбул	kocaeli	Измит	0.134	none	Чёрное море (западное)	narrow	9.81	10.55
deheubarth	Кармартен	gwynedd	Карнарвон	0.135	none	Ирландское море	narrow	11.80	11.84
bacs	Нови-Сад	csanad	Бекешчаба	0.143	none	land:west_banat	narrow	14.84	9.54
buskerud	Драммен	ostfold	Фредрикстад	0.146	none	Скагеррак и Каттегат	narrow	43.73	15.89
vendsyssel_thy	Фредериксхавн	western_jutland	Эсбьерг	0.149	none	Северное море	narrow	15.27	15.18
east_flanders	Гент	south_holland	Роттердам	0.150	none	Северное море	narrow	8.62	9.52
koln_bucht	Кёльн	westerwald	Кобленц	0.169	none	land:eifel	narrow	5.57	4.54
kraichgau	Гейдельберг	lower_alsace	Страсбург	0.171	none	land:palatinate	narrow	5.94	8.32
calabria_ultra	Реджо-ди-Калабрия	demena	Мессина	0.178	strait	Тирренское море	narrow	13.14	11.65
nowy_sacz	Новы-Сонч	zemplen	Михаловце	0.179	none	land:sanok	narrow	12.64	26.92
derbyshire	Дерби	lancashire	Ливерпуль	0.180	none	land:west_riding	narrow	5.76	10.36
comminges	Сен-Годенс	razes	Лиму	0.184	none	land:foix	narrow	10.77	7.78
foix	Фуа	urgell	Лерида	0.194	none	land:comminges	narrow	4.97	11.97
trakai	Тракай	vilkmerge	Укмерге	0.195	none	land:vilnius	narrow	16.03	20.99
raseiniai	Расейняй	trakai	Тракай	0.196	none	-	narrow	19.11	16.03
lemnos	Лемнос	thessaly	Лариса	0.200	none	Эгейское море	narrow	5.10	20.92
angus	Данди	fife	Киркалди	0.202	none	Северное море	narrow	8.25	4.14
neuchatel	Невшатель	schwarzwald	Фрайбург	0.202	none	land:aargau	narrow	7.06	12.22
kaunas	Каунас	masuria	Гижицко	0.204	none	land:trakai	narrow	13.94	31.93
prignitz	Перлеберг	uckermark	Шведт	0.204	none	land:seenplatte	narrow	11.68	7.94
trentino	Тренто	valtellina	Сондрио	0.209	none	land:south_tirol	narrow	7.26	5.52
leon	Леон	valladolid	Вальядолид	0.210	none	land:benavente	narrow	11.88	9.39
dzisna	Невель	selonia	Даугавпилс	0.212	none	land:latgalia	narrow	30.97	13.75
knyazhaya	Новгород	yazhelbitskaya	Валдай	0.212	none	land:volkhovskaya	narrow	34.63	40.98
tver	Калинин	tverskaya	Вышний Волочёк	0.213	none	land:bezhetsk	narrow	20.78	31.99
cadiz	Кадис	huelva	Уэльва	0.214	none	Атлантика у Иберии	narrow	10.27	17.23
biga	Чанаккале	lemnos	Лемнос	0.216	none	Эгейское море	narrow	17.90	5.10
edirne	Эдирне	rhodopes	Пловдив	0.216	none	land:sliven	narrow	14.43	20.72
argyll	Обан	outer_hebrides	Сторновей	0.220	none	Ирландское море	narrow	24.10	13.08
chornobyl	Чернобыль	zhytomyr	Житомир	0.221	none	land:kyiv	narrow	20.38	23.52
euboea	Халкида	thessaly	Лариса	0.221	none	Эгейское море	narrow	6.03	20.92
bearn_bigorre	По	navarre	Памплона	0.222	none	-	narrow	13.49	17.56
beira_alta	Визеу	caceres	Касерес	0.222	none	land:beira_baixa	narrow	18.10	11.33
kuyavia	Влоцлавек	plock	Плоцк	0.222	none	land:dobrzyn	narrow	13.40	9.54
avila	Авила	zamora	Самора	0.228	none	land:valladolid	narrow	14.86	9.61
arborea	Ористано	gallura	Ольбия	0.230	none	land:logudoro	narrow	6.81	6.77
loon	Хасселт	namur	Намюр	0.231	none	land:brabant	narrow	4.70	10.13
south_holland	Роттердам	west_flanders	Дюнкерк	0.232	none	Северное море	narrow	9.52	9.26
suzdal	Суздаль	yaroslavl	Ярославль	0.232	none	land:rostov	narrow	16.00	28.57
south_epirus	Янина	upper_macedonia	Козани	0.233	none	land:north_epirus	narrow	12.46	14.46
lower_carinthia	Клагенфурт	pongau	Бишофсхофен	0.234	none	land:upper_styria	narrow	10.53	4.84
mugla	Мугла	rodos	Родос	0.237	strait	Критское море	narrow	28.79	3.88
funen	Оденсе	sonderjylland	Хадерслев	0.240	none	Датские проливы	narrow	12.48	13.12
vorarlberg	Брегенц	western_upper_swabia	Равенсбург	0.242	none	land:allgau	narrow	4.91	6.00
bihar	Орадя	doboka	Бистрица	0.245	none	land:torda	narrow	18.79	17.99
friesland	Леуварден	north_holland	Амстердам	0.245	none	Северное море	narrow	7.77	7.99
malmohus	Мальмё	zealand	Копенгаген	0.247	strait	Скагеррак и Каттегат	narrow	12.39	19.98
narbonnais	Нарбонна	toulousain	Тулуза	0.247	none	land:castres	narrow	10.53	10.68
bergamo	Бергамо	trentino	Тренто	0.248	none	land:brescia	narrow	5.05	7.26
corum	Чорум	kastamonu	Кастамону	0.249	none	land:sinop	narrow	15.58	20.76
gresivaudan	Гренобль	nice	Ницца	0.253	none	land:dignois	narrow	18.99	9.90
alarcon	Куэнка	teruel	Теруэль	0.259	none	land:valencia	narrow	18.50	8.81
arnskrone	Хощно	znin	Жнин	0.265	none	land:naklo	narrow	7.90	5.39
arezzo	Ареццо	patrimonio	Рим	0.266	none	land:siena	narrow	4.37	11.03
gorodets	Городец	starodub	Ковров	0.266	none	land:nizhny_novgorod	narrow	32.73	10.75
julich	Аахен	loon	Хасселт	0.268	none	land:limburg	narrow	4.76	4.70
nantais	Нант	ploermel	Плоэрмель	0.268	none	land:rennais	narrow	13.49	10.63
nevernais	Невер	senonais	Санс	0.271	none	land:auxerrois	narrow	14.37	10.14
sopron	Шопрон	unter_dem_manhartsberg	Холлабрунн	0.274	none	land:unter_dem_wienerwald	narrow	13.24	9.46
barbastro	Барбастро	comminges	Сен-Годенс	0.280	none	land:bearn_bigorre	narrow	17.95	10.77
kashin	Кимры	zvenigorod	Звенигород	0.280	none	land:tver	narrow	16.31	24.83
tambov	Тамбов	voronezh	Воронеж	0.280	none	land:borisoglebsk	narrow	78.50	42.17
nis	Ниш	raska	Нови-Пазар	0.286	none	land:kosovo	narrow	17.31	15.20
astrakhan	Астрахань	dardeling	Лагань	0.287	none	Северный Каспий	narrow	45.11	54.79
calatayud	Калатаюд	guadalajara	Гвадалахара	0.287	none	land:soria	narrow	11.09	15.27
dobrzyn	Рыпин	masuria	Гижицко	0.288	none	land:chelmno	narrow	7.18	31.93
koln_bucht	Кёльн	ruhr	Дортмунд	0.288	none	land:niederrhein	narrow	5.57	7.45
alava	Витория	soria	Сория	0.290	none	land:navarre	narrow	5.94	19.92
alexeyevka	Алексеевка	belgorod	Белгород	0.290	none	land:kursk	narrow	30.00	27.27
ionian_islands	Корфу	south_epirus	Янина	0.291	none	Ионическое море	narrow	3.54	12.46
east_luxembourg	Люксембург	namur	Намюр	0.292	none	land:west_luxembourg	narrow	8.44	10.13
brecon	Брекон	gwynedd	Карнарвон	0.293	none	land:powys	narrow	7.55	11.84
nimois	Ним	valentinois	Валанс	0.293	none	land:avignonnais	narrow	14.60	9.81
chernihiv	Чернигов	rechytsa	Речица	0.294	none	land:gomel	narrow	25.75	26.08
shaki	Шеки	shirvan	Сумгаит	0.294	none	land:lezgistan	narrow	21.72	14.32
grodno	Гродно	kobryn	Кобрин	0.295	none	land:vawkavysk	narrow	17.03	15.07
kars	Карс	khoy	Хой	0.296	none	land:malazgirt	narrow	17.18	28.37
amont	Везуль	aval	Лон-ле-Сонье	0.299	none	land:millieu	narrow	14.46	9.65
ostfold	Фредрикстад	vestfold	Тёнсберг	0.303	none	Скагеррак и Каттегат	medium	15.89	18.08
barrois	Бар-ле-Дюк	vosges	Эпиналь	0.304	none	land:bassigny	medium	7.62	10.26
reggioem	Реджо-Эмилия	verona	Верона	0.304	none	land:mantua	medium	3.88	5.31
antrim	Белфаст	tyrone	Ома	0.308	none	-	medium	6.81	10.57
salzburger_land	Зальцбург	upper_styria	Леобен	0.309	none	land:pongau	medium	4.60	18.64
danzig	Гданьск	warmia	Ольштын	0.310	none	Балтийское море	medium	15.90	9.93
kayseri	Кайсери	marash	Кахраманмараш	0.310	none	land:sis	medium	19.73	16.82
munsterland	Мюнстер	sauerland	Хаген	0.314	none	land:lippe	medium	11.26	10.75
namur	Намюр	thierache	Ирсон	0.314	none	land:hainaut	medium	10.13	5.81
legnica	Легница	zagan	Жагань	0.316	none	land:oberlausitz	medium	12.66	9.01
alessandria	Алессандрия	punente	Савона	0.330	none	land:levante	medium	5.46	5.23
boh	Николаев	qalancak	Новая Каховка	0.330	none	Чёрное море (западное)	medium	33.76	35.15
combraille	Монлюсон	lower_berry	Шатору	0.330	none	land:bourbon	medium	7.62	10.43
ardabil	Ардебиль	arran	Кировабад	0.337	none	land:kachen	medium	31.31	23.17
leon	Леон	west_asturias	Авилес	0.340	none	land:east_asturias	medium	11.88	11.85
hradecko	Градец-Кралове	wroclaw	Вроцлав	0.344	none	land:opavsko	medium	15.32	10.11
angouleme	Ангулем	bordelais	Бордо	0.347	none	land:perigord	medium	8.78	12.82
rzhevskaya	Великие Луки	vitebsk	Витебск	0.354	none	land:dzisna	medium	31.69	32.18
agenais	Ажен	toulousain	Тулуза	0.355	none	-	medium	6.29	10.68
brescia	Брешиа	graubunden	Кур	0.355	none	land:valtellina	medium	7.91	14.64
remois	Реймс	verdunois	Верден	0.355	none	land:barrois	medium	10.93	7.25
arran	Кировабад	syunik	Капан	0.356	none	land:yerevan	medium	23.17	22.70
bergamo	Бергамо	south_tirol	Больцано	0.360	none	land:brescia	medium	5.05	20.91
glamorgan	Кардифф	somerset	Бристоль	0.360	none	Кельтское море	medium	7.94	7.97
mogilev	Могилёв	starodub_siverskyi	Клинцы	0.361	none	land:mstsislaw	medium	26.61	30.78
roscommon	Роскоммон	tipperary	Типперэри	0.368	none	-	medium	11.28	10.94
main_franconia	Вюрцбург	odenwald	Дармштадт	0.372	none	land:tauberfranken	medium	11.97	5.36
argyll	Обан	galloway	Дамфрис	0.376	none	Ирландское море	medium	24.10	22.25
bassigny	Шомон	senonais	Санс	0.377	none	land:auxerrois	medium	11.44	10.14
beauvaisis	Бове	ebroicien	Эвре	0.377	none	land:pays_france	medium	10.47	13.42
north_muntenia	Плоешти	szekelyfold	Тыргу-Муреш	0.380	none	land:kiralyfold	medium	22.14	30.39
kursk	Курск	sumy	Сумы	0.383	none	land:belgorod	medium	50.48	12.30
masalsk	Мосальск	mozhaysk	Можайск	0.384	none	land:kozlov	medium	17.40	21.29
lahoysk	Логойск	mogilev	Могилёв	0.385	none	land:minsk	medium	21.12	26.61
saluzzo	Салуццо	savoy	Шамбери	0.385	none	land:gresivaudan	medium	7.81	19.63
western_kola	Мончегорск	white_karelia	Кемь	0.385	none	land:south_kola	medium	185.19	69.51
kildare	Килдэр	tipperary	Типперэри	0.386	none	land:meath	medium	6.94	10.94
upper_artois	Бетюн	vermandois	Сен-Кантен	0.386	none	land:lower_artois	medium	6.21	6.68
karlivka	Днепропетровск	yelanets	Кировоград	0.388	none	land:kodaky	medium	37.94	40.22
kletsk	Клецк	minsk	Минск	0.390	none	land:novogrudok	medium	20.89	29.16
poltava	Полтава	sumy	Сумы	0.396	none	land:ichnia	medium	26.69	12.30
thurgau	Цюрих	western_upper_swabia	Равенсбург	0.396	none	-	medium	9.72	6.00
auxerrois	Осер	champagne	Труа	0.398	none	land:senonais	medium	14.99	5.91
berkshire	Рединг	hertfordshire	Хартфорд	0.398	none	land:buckinghamshire	medium	4.15	3.26
bresta	Брест	pinsk	Пинск	0.398	none	land:kobryn	medium	18.73	19.10
kalisz	Калиш	koscian	Косьцян	0.398	none	land:pyzdry	medium	7.11	12.54
lower_alsace	Страсбург	schwarzwald	Фрайбург	0.398	none	land:rhine_valley	medium	8.32	12.22
gelderland	Арнем	ruhr	Дортмунд	0.399	none	land:niederrhein	medium	11.22	7.45
lower_prussia	Калининград	upper_prussia	Эльблонг	0.405	none	land:warmia	medium	21.71	13.58
rzhev	Ржев	yazhelbitskaya	Валдай	0.405	none	land:torzhok	medium	23.18	40.98
bielska_sloboda	Старобельск	borisoglebsk	Борисоглебск	0.406	none	land:kashary	medium	35.39	60.24
outer_hebrides	Сторновей	ross	Инвернесс	0.410	strait	Ирландское море	medium	13.08	17.04
masuria	Гижицко	raseiniai	Расейняй	0.414	none	land:kaunas	medium	31.93	19.11
rostov	Ростов Ярославский	shuya	Иваново	0.416	none	land:suzdal	medium	13.55	16.27
suceava	Сучава	torda	Клуж-Напока	0.418	none	land:szekelyfold	medium	19.72	16.30
lopskaya	Ленинград	yazhelbitskaya	Валдай	0.419	none	land:volkhovskaya	medium	39.39	40.98
eifel	Трир	west_luxembourg	Арлон	0.420	none	land:liege	medium	14.61	7.98
galway	Голуэй	limerick	Лимерик	0.420	none	land:clare	medium	12.94	10.64
salzburger_land	Зальцбург	unterinntal	Куфштайн	0.422	none	land:pinzgau	medium	4.60	10.35
hanover	Ганновер	luneburger_heide	Люнебург	0.423	none	land:aller	medium	10.58	16.67
holstein	Киль	luneburger_heide	Люнебург	0.423	none	land:elbmarch	medium	18.08	16.67
rawa	Рава-Мазовецка	sieradz	Серадз	0.425	none	land:leczyca	medium	13.45	19.51
down	Даунпатрик	tyrone	Ома	0.429	none	-	medium	6.54	10.57
allgau	Кемптен	thurgau	Цюрих	0.430	none	-	medium	6.46	9.72
bergamo	Бергамо	graubunden	Кур	0.430	none	land:valtellina	medium	5.05	14.64
south_tirol	Больцано	vicenza	Виченца	0.430	none	land:trentino	medium	20.91	4.65
agenais	Ажен	bordelais	Бордо	0.431	none	land:perigord	medium	6.29	12.82
graubunden	Кур	oberwallis	Сьон	0.434	none	land:ticino	medium	14.64	10.20
hum	Мостар	north_dalmatia	Задар	0.436	none	land:south_dalmatia	medium	14.14	12.63
baranya	Печ	csongrad	Сегед	0.438	none	land:fejer	medium	14.87	15.59
hessen_bergland	Кассель	thuringer_becken	Эрфурт	0.439	none	land:leine	medium	13.33	11.52
euboea	Халкида	naxos	Наксос	0.440	none	Эгейское море	medium	6.03	4.84
cafa	Феодосия	taman	Новороссийск	0.441	none	Чёрное море (восточное)	medium	14.42	21.89
koln_bucht	Кёльн	limburg	Венло	0.441	none	land:niederrhein	medium	5.57	4.49
gelderland	Арнем	limburg	Венло	0.444	none	land:niederrhein	medium	11.22	4.49
neumark	Гожув-Велькопольски	stettin	Щецин	0.448	none	land:pyritz	medium	17.26	10.61
bohus	Гётеборг	halland	Хальмстад	0.449	none	Скагеррак и Каттегат	medium	11.26	12.36
aquisextain	Марсель	dignois	Динь	0.455	none	land:dracenois	medium	9.54	7.98
razes	Лиму	urgell	Лерида	0.457	none	land:rosello	medium	7.78	11.97
lower_artois	Аррас	west_flanders	Дюнкерк	0.458	none	land:upper_artois	medium	5.38	9.26
labinsk	Лабинск	majar	Пятигорск	0.459	none	land:north_caucasus	medium	28.61	56.21
euboea	Халкида	lemnos	Лемнос	0.460	none	Эгейское море	medium	6.03	5.10
illyria	Шкодер	prilep	Прилеп	0.461	none	land:kosovo	medium	8.60	21.25
ani	Ленинакан	kartli	Тбилиси	0.462	none	land:samtskhe	medium	11.92	23.41
gorizia	Гориция	lower_carinthia	Клагенфурт	0.463	none	land:upper_carniola	medium	5.36	10.53
senonais	Санс	upper_berry	Бурж	0.464	none	land:orleanais	medium	10.14	10.42
buckinghamshire	Милтон-Кинс	surrey	Гилфорд	0.465	none	land:berkshire	medium	4.20	4.37
hampshire	Саутгемптон	oxfordshire	Оксфорд	0.466	none	land:berkshire	medium	9.11	4.24
aargau	Аргау	hegau	Зинген	0.469	none	land:schwarzwald	medium	5.41	3.49
aargau	Аргау	upper_alsace	Мюлуз	0.475	none	land:rhine_valley	medium	5.41	8.00
uckermark	Шведт	vorpommern	Грайфсвальд	0.476	none	land:seenplatte	medium	7.94	16.68
hunsruck	Идар-Оберштайн	taunus	Висбаден	0.480	none	land:eifel	medium	11.94	7.63
untermain	Франкфурт-на-Майне	westerwald	Кобленц	0.481	none	land:eifel	medium	6.74	4.54
karasi	Балыкесир	lemnos	Лемнос	0.484	none	Эгейское море	medium	24.93	5.10
pays_nancy	Нанси	perthois	Витри-ле-Франсуа	0.484	none	land:barrois	medium	6.49	8.37
ferrara	Феррара	reggioem	Реджо-Эмилия	0.499	none	land:mantua	medium	6.63	3.88
cumberland	Карлайл	north_riding	Мидлсбро	0.500	none	land:durham	medium	9.24	12.42
muhlviertel	Фрайштадт	prachensko	Писек	0.500	none	land:bechinsko	medium	6.12	9.76
cafa	Феодосия	qalancak	Новая Каховка	0.508	none	Азовское море	medium	14.42	35.15
moscow	Москва	mozhaysk	Можайск	0.508	none	-	medium	24.52	21.29
canik	Самсун	sivas	Сивас	0.509	none	land:tokat	medium	19.92	40.99
akhtar	Приморско-Ахтарск	tuapse	Туапсе	0.514	none	land:labinsk	medium	38.20	31.75
cuenca	Таранкон	madrid	Мадрид	0.517	none	land:ocana	medium	20.35	8.87
villanueva_de_la_serena	Вильянуэва-де-ла-Серена	west_mancha	Сьюдад-Реаль	0.518	none	land:cordoba	medium	7.71	18.67
attica	Афины	naxos	Наксос	0.519	none	Эгейское море	medium	10.03	4.84
habat	Танжер	haouz	Таза	0.519	none	land:fez	medium	15.07	59.23
dardanelles	Гелиболу	lemnos	Лемнос	0.522	none	Эгейское море	medium	14.60	5.10
franconian_alb	Нёрдлинген	munchner_schotterebene	Мюнхен	0.525	none	land:donau_moos	medium	7.66	11.15
novogrudok	Новогрудок	pinsk	Пинск	0.528	none	land:kletsk	medium	16.14	19.10
leipziger_bucht	Лейпциг	magdeburger_borde	Магдебург	0.529	none	land:flaming	medium	9.15	13.46
arnskrone	Хощно	tuchola	Тухоля	0.532	none	land:koslin	medium	7.90	14.89
monza	Монца	pavia	Павия	0.532	none	land:cremona	medium	5.13	4.76
donegal	Леттеркенни	roscommon	Роскоммон	0.533	none	Ирландское море	medium	11.53	11.28
hellin	Эльин	orihuela	Аликанте	0.533	none	land:albacete	medium	12.46	4.19
northumberland	Ньюкасл-апон-Тайн	westmorland	Кендал	0.535	none	land:cumberland	medium	10.34	6.00
roscommon	Роскоммон	tyrone	Ома	0.535	none	land:breifne	medium	11.28	10.57
raseiniai	Расейняй	vilkmerge	Укмерге	0.538	none	land:kaunas	medium	19.11	20.99
grodno	Гродно	lomza	Ломжа	0.539	none	land:podlasie	medium	17.03	12.57
palencia	Паленсия	segovia	Сеговия	0.539	none	land:valladolid	medium	15.02	14.81
gallura	Ольбия	pumonte	Аяччо	0.541	strait	Лигурийское море	medium	6.77	7.34
neckar	Штутгарт	western_upper_swabia	Равенсбург	0.545	none	land:swabian_alb	medium	7.86	6.00
chelmno	Торунь	znin	Жнин	0.546	none	land:kuyavia	medium	10.59	5.39
florence	Флоренция	urbino	Урбино	0.546	none	land:arezzo	medium	10.37	6.85
alania	Орджоникидзе	terek	Кизляр	0.547	none	land:simsir	medium	21.05	45.57
kraszna	Залэу	maramaros	Бая-Маре	0.551	none	land:szatmar	medium	7.32	18.92
izium	Изюм	zaporizhzhia	Запорожье	0.553	none	land:karlivka	medium	37.45	22.06
galloway	Дамфрис	lancashire	Ливерпуль	0.556	none	land:teviotdale	medium	22.25	10.36
shuya	Иваново	vladimir	Владимир	0.564	none	land:starodub	medium	16.27	37.21
ani	Ленинакан	malazgirt	Муш	0.566	none	land:kars	medium	11.92	45.23
south_livonia	Рига	upyte	Паневежис	0.566	none	land:semigalia	medium	25.80	17.07
northern_isles	Леруик	sutherland	Турсо	0.569	strait	Северное море	medium	11.33	20.32
ober_dem_wienerwald	Санкт-Пёльтен	schaunberg	Вельс	0.570	none	land:muhlviertel	medium	10.92	7.25
avignonnais	Авиньон	gresivaudan	Гренобль	0.571	none	land:valentinois	medium	8.12	18.99
leczyca	Ленчица	radom	Радом	0.572	none	land:checiny	medium	9.48	15.30
alpenvorland	Розенхайм	eastern_upper_swabia	Ульм	0.573	none	land:allgau	medium	8.05	8.58
gwynedd	Карнарвон	shropshire	Шрусбери	0.574	none	land:powys	medium	11.84	7.78
hont	Левице	pest	Будапешт	0.576	none	land:buda	medium	15.94	13.01
bologna	Болонья	mantua	Мантуя	0.578	none	land:ferrara	medium	5.77	2.64
aydin	Айдын	rodos	Родос	0.580	none	Эгейское море	medium	21.81	3.88
bedfordshire	Бедфорд	essex	Челмсфорд	0.580	none	land:cambridgeshire	medium	2.72	8.73
kozlov	Гагарин	odoyev	Калуга	0.580	none	land:masalsk	medium	17.70	14.72
pongau	Бишофсхофен	unterinntal	Куфштайн	0.584	none	land:pinzgau	medium	4.84	10.35
lomza	Ломжа	suwalki	Сувалки	0.587	none	land:podlasie	medium	12.57	10.26
galloway	Дамфрис	northumberland	Ньюкасл-апон-Тайн	0.588	none	land:teviotdale	medium	22.25	10.34
punente	Савона	saluzzo	Салуццо	0.592	none	land:nice	medium	5.23	7.81
altmark	Штендаль	mittelmark	Берлин	0.593	none	land:prignitz	medium	13.31	21.57
glogow	Глогув	olesnica	Олесница	0.595	none	land:legnica	medium	8.19	8.90
checiny	Кельце	czersk	Гура-Кальвария	0.603	none	land:rawa	medium	11.85	11.57
lower_macedonia	Кавала	rhodopes	Пловдив	0.605	none	land:evros	medium	12.68	20.72
oberpfalzer_wald	Вайден	prachensko	Писек	0.606	none	land:bayerischer_wald	medium	9.58	9.76
kempenland	Эйндховен	north_holland	Амстердам	0.611	none	land:gelderland	medium	7.00	7.99
eastern_styria	Фюрстенфельд	zala	Залаэгерсег	0.614	none	land:vas	medium	10.87	10.82
lutsk	Луцк	lviv	Львов	0.617	none	land:kremenets	medium	20.04	20.57
somogy	Капошвар	vukovar_syrmia	Вуковар	0.617	none	land:bjelovar	medium	12.58	22.03
bern	Берн	ticino	Беллинцона	0.618	none	land:oberwallis	medium	8.81	4.55
erzgebirge	Карл-Маркс-Штадт	saale	Галле	0.618	none	land:leipziger_bucht	medium	9.09	9.91
khoy	Хой	tabriz	Тебриз	0.618	none	land:ardabil	medium	28.37	21.12
szczyrzyc	Бельско-Бяла	szepes	Попрад	0.620	none	land:nowy_sacz	medium	12.11	21.06
alava	Витория	montana	Сантандер	0.623	none	land:biscay	medium	5.94	8.55
masalsk	Мосальск	smolensk	Смоленск	0.625	none	land:roslavl	medium	17.40	22.77
bacau	Бакэу	torda	Клуж-Напока	0.627	none	land:szekelyfold	medium	20.84	16.30
calabria_citra	Козенца	principato_citra	Салерно	0.627	none	land:basilicata	medium	10.69	8.19
szabolcs	Ниредьхаза	szepes	Попрад	0.627	none	land:zemplen	medium	16.13	21.06
karachev	Карачев	kursk	Курск	0.628	none	land:trubchevsk	medium	23.73	50.48
remois	Реймс	thierache	Ирсон	0.629	none	land:soissonais	medium	10.93	5.81
leipziger_bucht	Лейпциг	thuringer_becken	Эрфурт	0.630	none	land:vogtland	medium	9.15	11.52
oberinntal	Ландек	trentino	Тренто	0.630	none	land:south_tirol	medium	8.78	7.26
basarabia	Измаил	east_muntenia	Бузэу	0.631	none	land:barlad	medium	29.77	22.98
sarregueminois	Саарбрюккен	vosges	Эпиналь	0.631	none	land:pays_nancy	medium	4.91	10.26
south_tirol	Больцано	venice	Венеция	0.631	none	land:belluno	medium	20.91	8.49
estonia	Таллин	tartu	Тарту	0.633	none	land:north_livonia	medium	42.88	24.79
gwynedd	Карнарвон	lancashire	Ливерпуль	0.636	none	land:cheshire	medium	11.84	10.36
amienois	Амьен	rouennais	Руан	0.639	none	land:caux	medium	6.44	11.30
antrim	Белфаст	oriel	Дандолк	0.640	none	-	medium	6.81	9.23
modena	Модена	verona	Верона	0.643	none	land:mantua	medium	4.50	5.31
beaujolais	Вильфранш-сюр-Сона	bourbon	Мулен	0.644	none	land:autunnais	medium	5.67	14.97
csongrad	Сегед	east_banat	Тимишоара	0.648	none	land:csanad	medium	15.59	19.76
belozerskaya	Устюжна	bezhetsk	Бежецк	0.650	none	land:cherepoves	medium	32.08	26.70
derbyshire	Дерби	warwickshire	Бирмингем	0.650	none	land:leicestershire	medium	5.76	5.33
ticino	Беллинцона	valtellina	Сондрио	0.650	none	land:graubunden	medium	4.55	5.52
modena	Модена	parma	Парма	0.653	none	land:reggioem	medium	4.50	5.17
cadiz	Кадис	habat	Танжер	0.658	none	Атлантика у Иберии	medium	10.27	15.07
ilia	Пиргос	ionian_islands	Корфу	0.659	none	Ионическое море	medium	4.66	3.54
lida	Лида	vawkavysk	Волковыск	0.659	none	land:slonin	medium	12.36	9.55
ferrara	Феррара	vicenza	Виченца	0.660	none	land:padua	medium	6.63	4.65
aargau	Аргау	oberwallis	Сьон	0.662	none	land:bern	medium	5.41	10.20
bely	Белый	mozhaysk	Можайск	0.662	none	land:vyazma	medium	21.00	21.29
koscian	Косьцян	neumark	Гожув-Велькопольски	0.662	none	land:poznan	medium	12.54	17.26
pays_nancy	Нанси	verdunois	Верден	0.662	none	land:barrois	medium	6.49	7.25
friuli	Удине	upper_carniola	Любляна	0.667	none	land:gorizia	medium	12.23	6.09
friuli	Удине	lower_carniola	Ново-Место	0.667	none	land:gorizia	medium	12.23	13.20
mechetnaya	Пугачёв	troitskoye_kuroedovo	Кузнецк	0.669	none	land:samara	medium	48.27	60.00
donji_kraji	Баня-Лука	lika	Госпич	0.670	none	land:una_sana	medium	17.30	14.79
eastern_jutland	Орхус	zealand	Копенгаген	0.670	none	Датские проливы	medium	19.20	19.98
anjou	Анже	blois	Блуа	0.671	none	land:upper_maine	medium	20.91	12.62
antwerp	Антверпен	gelderland	Арнем	0.672	none	land:south_holland	medium	8.64	11.22
hainaut	Монс	vermandois	Сен-Кантен	0.672	none	land:lower_artois	medium	11.03	6.68
mantua	Мантуя	padua	Падуя	0.673	none	land:verona	medium	2.64	4.04
csongrad	Сегед	heves	Эгер	0.674	none	land:szolnok	medium	15.59	15.02
franconian_alb	Нёрдлинген	tauberfranken	Таубербишофсхайм	0.675	none	land:hohenloher_ebene	medium	7.66	10.78
lubny	Лубны	porossia	Белая Церковь	0.676	none	land:pereiaslav	medium	25.43	22.07
kiralyfold	Сибиу	zarand_hun	Арад	0.679	none	land:feher	medium	22.33	17.66
caux	Гавр	ebroicien	Эвре	0.680	none	land:rouennais	medium	9.16	13.42
south_muntenia	Бухарест	tarnovo	Велико-Тырново	0.683	none	land:west_muntenia	medium	22.79	17.03
brescia	Брешиа	monza	Монца	0.684	none	land:bergamo	medium	7.91	5.13
branicevo	Пожаревац	nis	Ниш	0.686	none	land:toplica	medium	11.89	17.31
la_marche	Гере	touraine	Тур	0.693	none	land:lower_berry	medium	16.22	12.88
swabian_alb	Ройтлинген	tauberfranken	Таубербишофсхайм	0.695	none	land:hohenloher_ebene	medium	9.79	10.78
avaria	Хунзах	shirvan	Сумгаит	0.699	none	land:lezgistan	medium	28.10	14.32
bern	Берн	savoy	Шамбери	0.699	none	-	medium	8.81	19.63
altmark	Штендаль	schwerin	Шверин	0.705	none	land:luneburger_heide	medium	13.31	16.20
alessandria	Алессандрия	saluzzo	Салуццо	0.706	none	land:monferrato	medium	5.46	7.81
altmark	Штендаль	harz	Гослар	0.707	none	land:magdeburger_borde	medium	13.31	10.26
balti_moldova	Бельцы	suceava	Сучава	0.708	none	land:dorohei	medium	24.78	19.72
kaunas	Каунас	suwalki	Сувалки	0.708	none	land:trakai	medium	13.94	10.26
krakow	Краков	nowy_sacz	Новы-Сонч	0.708	none	land:szczyrzyc	medium	10.05	12.64
pays_france	Париж	perche	Ножан-ле-Ротру	0.708	none	land:chartrain	medium	8.66	7.39
lower_poitou	Ла-Рош-сюр-Йон	touraine	Тур	0.710	none	land:anjou	medium	18.74	12.88
bergisches_land	Вупперталь	taunus	Висбаден	0.712	none	land:westerwald	medium	5.95	7.63
aetolia	Агринион	corinthia	Коринф	0.713	none	-	medium	13.32	4.72
alpenvorland	Розенхайм	south_tirol	Больцано	0.713	none	land:unterinntal	medium	8.05	20.91
cambridgeshire	Кембридж	leicestershire	Лестер	0.714	none	land:northamptonshire	medium	6.97	6.19
gauboden	Штраубинг	salzburger_land	Зальцбург	0.715	none	land:schaunberg	medium	9.45	4.60
novosil	Орёл	tarusa	Серпухов	0.718	none	land:tula_russia	medium	33.25	15.26
bedfordshire	Бедфорд	middlesex	Лондон	0.719	none	land:hertfordshire	medium	2.72	3.43
caennais	Кан	rennais	Ренн	0.720	none	land:lower_maine	medium	12.08	12.35
upper_auvergne	Орийак	vivarais	Прива	0.721	none	land:lower_auvergne	medium	9.23	14.50
beauvaisis	Бове	gatinais	Монтаржи	0.722	none	land:pays_france	medium	10.47	7.05
champagne	Труа	remois	Реймс	0.724	none	land:brie_champenois	medium	5.91	10.93
chios	Хиос	rodos	Родос	0.724	none	Эгейское море	medium	2.71	3.88
allgau	Кемптен	hegau	Зинген	0.726	none	land:western_upper_swabia	medium	6.46	3.49
dijonnais	Дижон	nevernais	Невер	0.726	none	land:auxerrois	medium	11.30	14.37
hradecko	Градец-Кралове	oberlausitz	Герлиц	0.726	none	land:legnica	medium	15.32	12.72
latgalia	Резекне	tartu	Тарту	0.726	none	land:inner_livonia	medium	40.97	24.79
aetolia	Агринион	ilia	Пиргос	0.727	none	Ионическое море	medium	13.32	4.66
north_riding	Мидлсбро	northumberland	Ньюкасл-апон-Тайн	0.731	none	land:durham	medium	12.42	10.34
brescia	Брешиа	parma	Парма	0.732	none	land:cremona	medium	7.91	5.17
doboka	Бистрица	pocutia	Коломыя	0.732	none	land:maramaros	medium	17.99	13.06
bresse	Бурк-ан-Бресс	gresivaudan	Гренобль	0.734	none	land:savoy	medium	8.52	18.99
bjelovar	Бьеловар	usora_and_soli	Тузла	0.736	none	land:una_sana	medium	18.51	18.88
cherkasy	Черкассы	poltava	Полтава	0.736	none	land:lubny	medium	26.48	26.69
derry	Лондондерри	oriel	Дандолк	0.736	none	land:tyrone	medium	5.82	9.23
pays_nancy	Нанси	upper_alsace	Мюлуз	0.736	none	land:lower_alsace	medium	6.49	8.00
bergamo	Бергамо	milano	Милан	0.738	none	land:monza	medium	5.05	4.50
kolomna	Коломна	vladimir	Владимир	0.740	none	land:murom	medium	21.34	37.21
lower_macedonia	Кавала	vardar	Скопье	0.744	none	land:pirin	medium	12.68	21.27
argolis	Аргос	attica	Афины	0.747	none	land:corinthia	medium	4.69	10.03
north_caucasus	Черкесск	samegrelo	Поти	0.747	none	land:imereti	medium	22.52	15.41
fife	Киркалди	strathclyde	Глазго	0.748	none	land:lothian	medium	4.14	10.85
durham	Дарем	lancashire	Ливерпуль	0.752	none	land:northumberland	medium	7.21	10.36
larende	Караман	sis	Козан	0.752	none	land:tarsus	medium	37.28	18.72
zemplen	Михаловце	zhydachiv	Стрый	0.753	none	land:drohobych	medium	26.92	6.78
gatinais	Монтаржи	upper_berry	Бурж	0.754	none	land:orleanais	medium	7.05	10.42
argyll	Обан	lothian	Эдинбург	0.756	none	land:strathclyde	medium	24.10	9.19
aargau	Аргау	graubunden	Кур	0.763	none	-	medium	5.41	14.64
mondovi	Кунео	torino	Турин	0.764	none	land:saluzzo	medium	4.72	10.62
boleslavsko	Млада-Болеслав	elbtal	Дрезден	0.765	none	land:litomericko	medium	8.56	11.91
lower_artois	Аррас	ponthieu	Аббевиль	0.765	none	land:amienois	medium	5.38	6.54
pays_messin	Мец	vosges	Эпиналь	0.765	none	land:pays_nancy	medium	7.47	10.26
caennais	Кан	upper_maine	Ле-Ман	0.766	none	land:lower_maine	medium	12.08	10.83
halab	Алеппо	latakia	Латакия	0.766	none	land:hims	medium	26.58	7.87
olomoucko	Оломоуц	swidnica	Свидница	0.766	none	land:hradecko	medium	10.52	8.19
olomoucko	Оломоуц	wroclaw	Вроцлав	0.768	none	land:opavsko	medium	10.52	10.11
aval	Лон-ле-Сонье	savoy	Шамбери	0.769	none	land:vaud	medium	9.65	19.63
shuya	Иваново	yaroslavl	Ярославль	0.769	none	land:kostroma	medium	16.27	28.57
eastern_upper_swabia	Ульм	franconian_alb	Нёрдлинген	0.772	none	land:donau_moos	medium	8.58	7.66
gorodets	Городец	vladimir	Владимир	0.772	none	land:nizhny_novgorod	medium	32.73	37.21
rouergue	Родез	toulousain	Тулуза	0.772	none	land:quercy	medium	15.74	10.68
kutahya	Кютахья	sivrihisar	Сиврихисар	0.774	none	land:sultanonu	medium	14.40	27.79
alessandria	Алессандрия	novara	Новара	0.776	none	land:pavia	medium	5.46	8.93
friuli	Удине	south_tirol	Больцано	0.780	none	land:upper_carinthia	medium	12.23	20.91
herefordshire	Херефорд	powys	Уэлшпул	0.781	none	land:shropshire	medium	5.05	6.45
haouz	Таза	tamasna	Касабланка	0.782	none	land:fez	medium	59.23	39.95
palatinate	Кайзерслаутерн	spessart	Ашаффенбург	0.783	none	land:odenwald	medium	11.42	6.38
beloe	Пошехонье	vologda	Вологда	0.784	none	land:buy	medium	23.84	44.20
branicevo	Пожаревац	south_oltenia	Крайова	0.784	none	land:vidin	medium	11.89	23.16
kraichgau	Гейдельберг	spessart	Ашаффенбург	0.788	none	land:odenwald	medium	5.94	6.38
lithuania_minor	Клайпеда	suwalki	Сувалки	0.789	none	land:masuria	medium	18.65	10.26
hudavendigar	Бурса	saruhan	Маниса	0.791	none	land:kutahya	medium	16.15	18.41
lerma	Аранда-де-Дуэро	montana	Сантандер	0.792	none	land:palencia	medium	12.55	8.55
karasi	Балыкесир	smyrna	Измир	0.794	none	land:saruhan	medium	24.93	8.68
drohobych	Дрогобыч	halych	Ивано-Франковск	0.797	none	land:zhydachiv	medium	11.45	11.75
aksaray	Аксарай	bozok	Йозгат	0.798	none	land:kirsehir	medium	12.30	25.94
aosta	Аоста	monferrato	Асти	0.798	none	land:torino	medium	7.70	5.64
bacs	Нови-Сад	east_banat	Тимишоара	0.798	none	land:csanad	medium	14.84	19.76
unterinntal	Куфштайн	upper_carinthia	Филлах	0.798	none	land:pinzgau	medium	10.35	12.10
latgalia	Резекне	vilkmerge	Укмерге	0.799	none	land:selonia	medium	40.97	20.99
pocutia	Коломыя	terebovlia	Тернополь	0.799	none	land:halych	medium	13.06	8.19
kartli	Тбилиси	simsir	Грозный	0.801	none	land:alania	wide	23.41	23.43
florence	Флоренция	reggioem	Реджо-Эмилия	0.802	none	land:modena	wide	10.37	3.88
swabian_alb	Ройтлинген	thurgau	Цюрих	0.802	none	-	wide	9.79	9.72
millieu	Безансон	vaud	Лозанна	0.803	none	land:neuchatel	wide	5.55	8.55
lubeck	Любек	slesvig	Фленсбург	0.804	none	land:holstein	wide	7.85	9.76
perthois	Витри-ле-Франсуа	vosges	Эпиналь	0.807	none	land:bassigny	wide	8.37	10.26
chelmno	Торунь	danzig	Гданьск	0.810	none	land:tuchola	wide	10.59	15.90
derry	Лондондерри	down	Даунпатрик	0.810	none	-	wide	5.82	6.54
sieradz	Серадз	tesin	Цешин	0.813	none	land:czestochowa	wide	19.51	15.60
galloway	Дамфрис	inner_hebrides	Портри	0.814	none	Ирландское море	wide	22.25	7.89
oxfordshire	Оксфорд	surrey	Гилфорд	0.815	none	land:berkshire	wide	4.24	4.37
milano	Милан	oberwallis	Сьон	0.817	none	land:novara	wide	4.50	10.20
auxerrois	Осер	gatinais	Монтаржи	0.823	none	land:senonais	wide	14.99	7.05
roman_flanders	Лилль	vermandois	Сен-Кантен	0.826	none	land:lower_artois	wide	3.61	6.68
murom	Муром	starodub	Ковров	0.832	none	land:vladimir	wide	28.02	10.75
spessart	Ашаффенбург	thuringer_wald	Зуль	0.832	none	land:vogelsberg	wide	6.38	9.18
bologna	Болонья	reggioem	Реджо-Эмилия	0.834	none	land:modena	wide	5.77	3.88
palatinate	Кайзерслаутерн	schwarzwald	Фрайбург	0.834	none	land:kraichgau	wide	11.42	12.22
boleslavsko	Млада-Болеслав	chrudimsko	Пардубице	0.835	none	land:prague	wide	8.56	12.76
cremona	Кремона	modena	Модена	0.836	none	land:reggioem	wide	5.59	4.50
sauerland	Хаген	wetterau	Гисен	0.836	none	land:taunus	wide	10.75	8.81
berda	Мелитополь	oleshia	Херсон	0.837	none	land:kodaky	wide	37.27	25.71
buckinghamshire	Милтон-Кинс	hampshire	Саутгемптон	0.841	none	land:berkshire	wide	4.20	9.11
east_flanders	Гент	upper_artois	Бетюн	0.841	none	land:roman_flanders	wide	8.62	6.21
priyutnoye	Элиста	zamyany	Харабали	0.841	none	land:dardeling	wide	33.40	49.28
kastamonu	Кастамону	sivrihisar	Сиврихисар	0.844	none	land:cankiri	wide	20.76	27.79
elbtal	Дрезден	zatecko	Мост	0.845	none	land:litomericko	wide	11.91	6.78
bassigny	Шомон	champagne	Труа	0.846	none	land:perthois	wide	11.44	5.91
western_podolia	Каменец-Подольский	zviahel	Новоград-Волынский	0.846	none	land:eastern_podolia	wide	17.19	19.67
csongrad	Сегед	vukovar_syrmia	Вуковар	0.851	none	land:bacs	wide	15.59	22.03
kuyavia	Влоцлавек	pyzdry	Пыздры	0.851	none	land:gniezno	wide	13.40	6.28
schwarzwald	Фрайбург	upper_alsace	Мюлуз	0.851	none	land:rhine_valley	wide	12.22	8.00
imereti	Кутаиси	meskheti	Артвин	0.852	none	land:samtskhe	wide	30.83	25.65
macva	Шабац	west_banat	Панчево	0.852	none	land:vukovar_syrmia	wide	11.66	21.74
krakow	Краков	opole	Ополе	0.853	none	land:tesin	wide	10.05	11.84
herefordshire	Херефорд	staffordshire	Сток-он-Трент	0.854	none	land:worcestershire	wide	5.05	6.77
kursk	Курск	nizhyn	Нежин	0.854	none	land:trubchevsk	wide	50.48	21.49
saale	Галле	thuringer_wald	Зуль	0.854	none	land:thuringer_becken	wide	9.91	9.18
leczyca	Ленчица	plock	Плоцк	0.855	none	land:rawa	wide	9.48	9.54
kasimov	Касимов	vladimir	Владимир	0.856	none	land:murom	wide	38.29	37.21
neckar	Штутгарт	rhine_valley	Карлсруэ	0.856	none	land:schwarzwald	wide	7.86	8.01
oberinntal	Ландек	valtellina	Сондрио	0.856	none	land:south_tirol	wide	8.78	5.52
belgorod	Белгород	nizhyn	Нежин	0.857	none	land:sumy	wide	27.27	21.49
funen	Оденсе	lubeck	Любек	0.858	none	Датские проливы	wide	12.48	7.85
buckinghamshire	Милтон-Кинс	warwickshire	Бирмингем	0.859	none	land:northamptonshire	wide	4.20	5.33
vas	Сомбатхей	zagreb	Загреб	0.860	none	land:lower_styria	wide	11.00	21.88
cairo	Каир	dakahliyya	Мансура	0.861	none	land:gharbiyya	wide	9.53	9.62
cherepoves	Череповец	mologa	Рыбинск	0.863	none	land:bezhetsk	wide	44.76	13.67
holstein	Киль	schwerin	Шверин	0.863	none	land:lubeck	wide	18.08	16.20
kuyavia	Влоцлавек	sieradz	Серадз	0.863	none	land:leczyca	wide	13.40	19.51
pyzdry	Пыздры	wielun	Велюнь	0.863	none	land:kalisz	wide	6.28	6.71
la_marche	Гере	perigord	Перигё	0.864	none	land:limousin	wide	16.22	11.66
friuli	Удине	istria	Пула	0.865	none	Адриатическое море	wide	12.23	5.71
aval	Лон-ле-Сонье	beaujolais	Вильфранш-сюр-Сона	0.870	none	land:bresse	wide	9.65	5.67
mittelmark	Берлин	zagan	Жагань	0.871	none	land:neumark	wide	21.57	9.01
azghar	Кенитра	errif	Эль-Хосейма	0.872	none	land:fez	wide	6.95	12.46
belozerskaya	Устюжна	obonezhskaya	Вытегра	0.872	none	land:beloozero	wide	32.08	43.30
essex	Челмсфорд	surrey	Гилфорд	0.873	none	land:kent	wide	8.73	4.37
rzhev	Ржев	vyazma	Вязьма	0.873	none	land:bely	wide	23.18	16.47
mozhaysk	Можайск	odoyev	Калуга	0.877	none	land:tarusa	wide	21.29	14.72
barysaw	Борисов	rechytsa	Речица	0.880	none	land:mogilev	wide	19.11	26.08
pereyaslavl	Переславль-Залесский	uglich	Углич	0.880	none	land:rostov	wide	22.99	10.98
oberwallis	Сьон	torino	Турин	0.882	none	land:aosta	wide	10.20	10.62
caux	Гавр	vermandois	Сен-Кантен	0.883	none	land:amienois	wide	9.16	6.68
pays_france	Париж	soissonais	Суассон	0.883	none	land:beauvaisis	wide	8.66	8.51
avaria	Хунзах	kartli	Тбилиси	0.886	none	land:kakheti	wide	28.10	23.41
auxerrois	Осер	upper_berry	Бурж	0.887	none	land:orleanais	wide	14.99	10.42
buckinghamshire	Милтон-Кинс	cambridgeshire	Кембридж	0.889	none	land:bedfordshire	wide	4.20	6.97
caceres	Касерес	villanueva_de_la_serena	Вильянуэва-де-ла-Серена	0.890	none	land:merida	wide	11.33	7.71
rivne	Ровно	turov	Лунинец	0.890	none	land:olevsk	wide	14.21	18.06
leon	Леон	zamora	Самора	0.891	none	land:benavente	wide	11.88	9.61
divrigi	Эрзинджан	marash	Кахраманмараш	0.892	none	land:sivas	wide	16.38	16.82
murom	Муром	ryazan	Рязань	0.892	none	land:rostislavl	wide	28.02	28.04
bergisches_land	Вупперталь	julich	Аахен	0.893	none	land:koln_bucht	wide	5.95	4.76
hunsruck	Идар-Оберштайн	westerwald	Кобленц	0.894	none	land:eifel	wide	11.94	4.54
aosta	Аоста	milano	Милан	0.895	none	land:novara	wide	7.70	4.50
bjelovar	Бьеловар	lower_styria	Марибор	0.896	none	land:zala	wide	18.51	11.08
svir	Молодечно	vilkmerge	Укмерге	0.896	none	land:breslauja	wide	24.43	20.99
barrois	Бар-ле-Дюк	west_luxembourg	Арлон	0.901	none	land:verdunois	wide	7.62	7.98
marche	Анкона	perugia	Перуджа	0.901	none	land:spoleto	wide	11.15	4.06
limerick	Лимерик	waterford	Уотерфорд	0.903	none	land:cork	wide	10.64	4.56
rouennais	Руан	vermandois	Сен-Кантен	0.908	none	land:beauvaisis	wide	11.30	6.68
koslin	Кошалин	vorpommern	Грайфсвальд	0.911	none	land:stettin	wide	17.81	16.68
mughan	Сальяны	shaki	Шеки	0.912	none	land:baku	wide	19.37	21.72
graubunden	Кур	trentino	Тренто	0.913	none	land:brescia	wide	14.64	7.26
east_riding	Халл	nottinghamshire	Ноттингем	0.914	none	land:west_riding	wide	7.14	4.94
gauboden	Штраубинг	muhlviertel	Фрайштадт	0.916	none	land:schaunberg	wide	9.45	6.12
romagna	Равенна	venice	Венеция	0.919	none	Адриатическое море	wide	9.02	8.49
middlesex	Лондон	sussex	Брайтон	0.920	none	land:surrey	wide	3.43	7.33
levante	Генуя	parma	Парма	0.921	none	land:piacenza	wide	4.32	5.17
brabant	Брюссель	kempenland	Эйндховен	0.922	none	land:loon	wide	7.22	7.00
elbmarch	Гамбург	schwerin	Шверин	0.922	none	land:lubeck	wide	10.29	16.20
porossia	Белая Церковь	torgovytsia	Умань	0.922	none	land:vinnytsia	wide	22.07	20.51
vodskaya	Кингисепп	vyborg	Выборг	0.925	none	Финский залив	wide	37.04	60.84
westerwald	Кобленц	wetterau	Гисен	0.926	none	land:taunus	wide	4.54	8.81
leine	Гёттинген	sauerland	Хаген	0.927	none	land:hessen_bergland	wide	10.89	10.75
halland	Хальмстад	malmohus	Мальмё	0.928	none	land:gonge	wide	12.36	12.39
kozelsk	Козельск	tarusa	Серпухов	0.928	none	land:odoyev	wide	17.79	15.26
priyutnoye	Элиста	stavropol	Ставрополь	0.928	none	land:privolnoye	wide	33.40	29.90
aosta	Аоста	ticino	Беллинцона	0.929	none	land:oberwallis	wide	7.70	4.55
huesca	Уэска	soria	Сория	0.930	none	land:navarre	wide	15.28	19.92
niederrhein	Дюссельдорф	sauerland	Хаген	0.930	none	land:ruhr	wide	6.84	10.75
bechinsko	Ческе-Будеёвице	schaunberg	Вельс	0.931	none	land:muhlviertel	wide	14.75	7.25
alessandria	Алессандрия	mondovi	Кунео	0.932	none	land:monferrato	wide	5.46	4.72
belluno	Беллуно	padua	Падуя	0.933	none	land:vicenza	wide	8.41	4.04
kalmius	Жданов	luhan	Ворошиловград	0.933	none	land:tana	wide	39.00	30.85
lubny	Лубны	nizhyn	Нежин	0.934	none	land:ichnia	wide	25.43	21.49
dzisna	Невель	svir	Молодечно	0.935	none	land:breslauja	wide	30.97	24.43
feher	Алба-Юлия	west_banat	Панчево	0.936	none	land:east_banat	wide	22.60	21.74
loon	Хасселт	niederrhein	Дюссельдорф	0.939	none	land:limburg	wide	4.70	6.84
avila	Авила	trujillo	Трухильо	0.940	none	land:plasencia	wide	14.86	9.78
granada	Гранада	sevilla	Севилья	0.944	none	land:malaga	wide	15.76	19.73
monza	Монца	novara	Новара	0.945	none	land:milano	wide	5.13	8.93
ankara	Анкара	corum	Чорум	0.946	none	land:cankiri	wide	22.81	15.58
eastern_podolia	Хмельницкий	terebovlia	Тернополь	0.950	none	land:western_podolia	wide	23.53	8.19
levante	Генуя	mondovi	Кунео	0.953	none	land:punente	wide	4.32	4.72
bely	Белый	dorogobuzh	Дорогобуж	0.954	none	land:vyazma	wide	21.00	21.86
hertfordshire	Хартфорд	oxfordshire	Оксфорд	0.954	none	land:buckinghamshire	wide	3.26	4.24
corinthia	Коринф	ilia	Пиргос	0.958	none	land:achaea	wide	4.72	4.66
lower_alsace	Страсбург	pays_messin	Мец	0.958	none	land:sarregueminois	wide	8.32	7.47
barcelona	Барселона	urgell	Лерида	0.960	none	land:osona	wide	6.89	11.97
chartrain	Шартр	rouennais	Руан	0.961	none	land:ebroicien	wide	8.15	11.30
luzhkaya	Луга	rzhevskaya	Великие Луки	0.961	none	land:south_pskov	wide	37.62	31.69
bassigny	Шомон	millieu	Безансон	0.962	none	land:dijonnais	wide	11.44	5.55
brescia	Брешиа	reggioem	Реджо-Эмилия	0.962	none	land:cremona	wide	7.91	3.88
shropshire	Шрусбери	warwickshire	Бирмингем	0.964	none	land:staffordshire	wide	7.78	5.33
bely	Белый	kozlov	Гагарин	0.965	none	land:vyazma	wide	21.00	17.70
limousin	Лимож	saintonge	Сент	0.965	none	land:angouleme	wide	12.05	13.93
hertfordshire	Хартфорд	surrey	Гилфорд	0.966	none	land:berkshire	wide	3.26	4.37
devon	Плимут	glamorgan	Кардифф	0.967	none	Кельтское море	wide	14.24	7.94
hampshire	Саутгемптон	middlesex	Лондон	0.968	none	land:surrey	wide	9.11	3.43
palatinate	Кайзерслаутерн	pays_messin	Мец	0.969	none	land:sarregueminois	wide	11.42	7.47
atkarsk	Аткарск	piterka	Красный Кут	0.971	none	land:saratov	wide	47.13	54.73
graubunden	Кур	milano	Милан	0.971	none	land:ticino	wide	14.64	4.50
novara	Новара	saluzzo	Салуццо	0.971	none	land:monferrato	wide	8.93	7.81
alessandria	Алессандрия	lucca	Лукка	0.972	none	land:piacenza	wide	5.46	6.60
antrim	Белфаст	argyll	Обан	0.972	strait	Ирландское море	wide	6.81	24.10
norra_osterbotten	Оулу	savolax	Куопио	0.974	none	land:tavastland	wide	133.41	88.77
glogow	Глогув	neumark	Гожув-Велькопольски	0.975	none	land:zagan	wide	8.19	17.26
orleanais	Орлеан	touraine	Тур	0.976	none	land:blois	wide	13.23	12.88
teruel	Теруэль	zaragoza	Сарагоса	0.977	none	land:alcaniz	wide	8.81	14.21
vyazma	Вязьма	zvenigorod	Звенигород	0.977	none	land:zubtsov	wide	16.47	24.83
powys	Уэлшпул	staffordshire	Сток-он-Трент	0.978	none	land:shropshire	wide	6.45	6.77
beauvaisis	Бове	chartrain	Шартр	0.979	none	land:pays_france	wide	10.47	8.15
granada	Гранада	hellin	Эльин	0.979	none	land:jaen	wide	15.76	12.46
alessandria	Алессандрия	parma	Парма	0.982	none	land:piacenza	wide	5.46	5.17
baranya	Печ	pest	Будапешт	0.982	none	land:fejer	wide	14.87	13.01
kachen	Степанакерт	shaki	Шеки	0.982	none	land:arran	wide	16.81	21.72
oxfordshire	Оксфорд	worcestershire	Вустер	0.982	none	land:gloucestershire	wide	4.24	3.70
frankische_schweiz	Байройт	tauberfranken	Таубербишофсхайм	0.983	none	land:main_franconia	wide	14.28	10.78
opole	Ополе	sieradz	Серадз	0.983	none	land:czestochowa	wide	11.84	19.51
vorarlberg	Брегенц	waldstatte	Люцерн	0.983	none	land:thurgau	wide	4.91	5.33
alcaniz	Альканьис	valencia	Валенсия	0.987	none	land:castellon	wide	11.55	9.34
barrois	Бар-ле-Дюк	east_luxembourg	Люксембург	0.987	none	land:pays_messin	wide	7.62	8.44
orleanais	Орлеан	pays_france	Париж	0.987	none	land:chartrain	wide	13.23	8.66
koscian	Косьцян	wroclaw	Вроцлав	0.990	none	land:olesnica	wide	12.54	10.11
czestochowa	Ченстохова	pilzno	Тарнув	0.991	none	land:krakow	wide	6.94	14.44
bern	Берн	graubunden	Кур	0.996	none	land:waldstatte	wide	8.81	14.64
limburg	Венло	ruhr	Дортмунд	0.997	none	land:niederrhein	wide	4.49	7.45
attica	Афины	thessaly	Лариса	1.000	none	land:euboea	wide	10.03	20.92
achaea	Патры	argolis	Аргос	1.002	none	land:corinthia	wide	4.10	4.69
argolis	Аргос	messenia	Каламата	1.002	none	land:arcadia	wide	4.69	4.66
limousin	Лимож	upper_poitou	Пуатье	1.002	none	land:la_marche	wide	12.05	14.73
bari	Бари	principato_ultra	Авеллино	1.003	none	land:capitanata	wide	8.66	6.55
novara	Новара	waldstatte	Люцерн	1.003	none	land:oberwallis	wide	8.93	5.33
eastern_upper_swabia	Ульм	neckar	Штутгарт	1.005	none	land:swabian_alb	wide	8.58	7.86
blekinge	Карлскруна	malmohus	Мальмё	1.007	none	land:gonge	wide	9.64	12.39
cremona	Кремона	verona	Верона	1.007	none	land:mantua	wide	5.59	5.31
azov	Ростов-на-Дону	kalmius	Жданов	1.008	none	Азовское море	wide	42.74	39.00
florence	Флоренция	perugia	Перуджа	1.008	none	land:arezzo	wide	10.37	4.06
norfolk	Норидж	northamptonshire	Нортгемптон	1.008	none	land:lincolnshire	wide	12.01	5.76
amont	Везуль	vaud	Лозанна	1.009	none	land:neuchatel	wide	14.46	8.55
plock	Плоцк	warmia	Ольштын	1.010	none	land:masuria	wide	9.54	9.93
navarre	Памплона	tursan	Мон-де-Марсан	1.012	none	land:bayonne	wide	17.56	16.16
hont	Левице	szepes	Попрад	1.015	none	land:nograd	wide	15.94	21.06
hohenloher_ebene	Швебиш-Халль	munchner_schotterebene	Мюнхен	1.017	none	land:donau_moos	wide	6.95	11.15
albania	Тирана	zeta	Титоград	1.018	none	Адриатическое море	wide	25.40	9.28
alto_alentejo	Эвора	merida	Мерида	1.019	none	land:badajoz	wide	18.94	13.50
hegau	Зинген	vorarlberg	Брегенц	1.021	none	-	wide	3.49	4.91
upper_macedonia	Козани	vardar	Скопье	1.023	none	land:central_macedonia	wide	14.46	21.27
grodno	Гродно	masuria	Гижицко	1.026	none	land:podlasie	wide	17.03	31.93
pleven	Плевен	sliven	Сливен	1.026	none	land:tarnovo	wide	22.66	18.37
drenthe	Ассен	east_friesland	Эмден	1.028	none	land:ommelanden	wide	5.94	7.74
hunsruck	Идар-Оберштайн	verdunois	Верден	1.030	none	land:east_luxembourg	wide	11.94	7.25
bern	Берн	upper_alsace	Мюлуз	1.031	none	land:neuchatel	wide	8.81	8.00
drenthe	Ассен	gelderland	Арнем	1.031	none	land:overijssel	wide	5.94	11.22
bresse	Бурк-ан-Бресс	lyonnais	Лион	1.032	none	land:viennois	wide	8.52	11.29
bern	Берн	novara	Новара	1.034	none	land:oberwallis	wide	8.81	8.93
akhtar	Приморско-Ахтарск	stavropol	Ставрополь	1.035	none	land:labinsk	wide	38.20	29.90
modena	Модена	padua	Падуя	1.036	none	land:ferrara	wide	4.50	4.04
bresta	Брест	volodymyr	Владимир-Волынский	1.037	none	land:chelm	wide	18.73	16.79
kars	Карс	tashir	Кировакан	1.037	none	land:ani	wide	17.18	14.71
nottinghamshire	Ноттингем	staffordshire	Сток-он-Трент	1.038	none	land:derbyshire	wide	4.94	6.77
glogow	Глогув	niederlausitz	Котбус	1.039	none	land:zagan	wide	8.19	17.73
donau_moos	Ингольштадт	swabian_alb	Ройтлинген	1.041	none	land:hohenloher_ebene	wide	12.54	9.79
hanover	Ганновер	magdeburger_borde	Магдебург	1.041	none	land:brunswick	wide	10.58	13.46
schaunberg	Вельс	upper_styria	Леобен	1.041	none	land:traungau	wide	7.25	18.64
beysehir	Бейшехир	icel	Мерсин	1.042	none	land:alaiye	wide	25.13	14.74
bologna	Болонья	verona	Верона	1.042	none	land:ferrara	wide	5.77	5.31
lancashire	Ливерпуль	north_riding	Мидлсбро	1.042	none	land:west_riding	wide	10.36	12.42
lipetsk	Липецк	ryazan	Рязань	1.042	none	land:tambov	wide	41.57	28.04
vinnytsia	Винница	zviahel	Новоград-Волынский	1.042	none	land:zhytomyr	wide	18.21	19.67
sauerland	Хаген	vogelsberg	Фульда	1.044	none	land:hessen_bergland	wide	10.75	9.12
cumberland	Карлайл	west_riding	Лидс	1.047	none	land:westmorland	wide	9.24	16.80
hainaut	Монс	west_flanders	Дюнкерк	1.047	none	land:east_flanders	wide	11.03	9.26
emsland	Меппен	lippe	Детмольд	1.048	none	land:ostwestphalia	wide	14.57	10.72
kashin	Кимры	zubtsov	Зубцов	1.051	none	land:tver	wide	16.31	17.59
leicestershire	Лестер	worcestershire	Вустер	1.052	none	land:warwickshire	wide	6.19	3.70
perugia	Перуджа	romagna	Равенна	1.055	none	land:urbino	wide	4.06	9.02
khadjibey	Одесса	torgovytsia	Умань	1.056	none	land:bratslav	wide	31.00	20.51
ponthieu	Аббевиль	vermandois	Сен-Кантен	1.056	none	land:amienois	wide	6.54	6.68
akershus	Акерсхус	vestfold	Тёнсберг	1.058	none	Скагеррак и Каттегат	wide	8.29	18.08
gloucestershire	Глостер	northamptonshire	Нортгемптон	1.060	none	land:oxfordshire	wide	7.29	5.76
middle_styria	Грац	vas	Сомбатхей	1.060	none	land:lower_styria	wide	6.23	11.00
brescia	Брешиа	piacenza	Пьяченца	1.062	none	land:cremona	wide	7.91	5.87
donau_moos	Ингольштадт	ries	Ансбах	1.063	none	land:franconian_alb	wide	12.54	7.19
harz	Гослар	lippe	Детмольд	1.064	none	land:leine	wide	10.26	10.72
main_franconia	Вюрцбург	wetterau	Гисен	1.065	none	land:spessart	wide	11.97	8.81
lopskaya	Ленинград	nagornaya	Тихвин	1.067	none	land:volkhovskaya	wide	39.39	46.02
kildare	Килдэр	oriel	Дандолк	1.068	none	land:meath	wide	6.94	9.23
lida	Лида	suwalki	Сувалки	1.069	none	land:trakai	wide	12.36	10.26
tauberfranken	Таубербишофсхайм	untermain	Франкфурт-на-Майне	1.069	none	land:spessart	wide	10.78	6.74
amont	Везуль	auxerrois	Осер	1.070	none	land:dijonnais	wide	14.46	14.99
piacenza	Пьяченца	reggioem	Реджо-Эмилия	1.071	none	land:parma	wide	5.87	3.88
berkshire	Рединг	northamptonshire	Нортгемптон	1.072	none	land:oxfordshire	wide	4.15	5.76
neopatras	Ламия	south_epirus	Янина	1.072	none	land:aetolia	wide	5.81	12.46
milano	Милан	piacenza	Пьяченца	1.073	none	land:pavia	wide	4.50	5.87
ovruch	Овруч	zviahel	Новоград-Волынский	1.073	none	land:zhytomyr	wide	21.55	19.67
orleanais	Орлеан	upper_maine	Ле-Ман	1.074	none	land:blois	wide	13.23	10.83
bresta	Брест	radom	Радом	1.076	none	land:lublin	wide	18.73	15.30
gevaudan	Манд	narbonnais	Нарбонна	1.077	none	land:nimois	wide	9.64	10.53
orleanais	Орлеан	perche	Ножан-ле-Ротру	1.078	none	land:blois	wide	13.23	7.39
chiemgau	Траунштайн	donau_moos	Ингольштадт	1.080	none	land:munchner_schotterebene	wide	6.80	12.54
dorohei	Ботошани	halych	Ивано-Франковск	1.080	none	land:pocutia	wide	19.60	11.75
odenwald	Дармштадт	wetterau	Гисен	1.080	none	land:untermain	wide	5.36	8.81
girona	Жирона	razes	Лиму	1.082	none	land:rosello	wide	8.37	7.78
legnica	Легница	pyzdry	Пыздры	1.082	none	land:koscian	wide	12.66	6.28
galloway	Дамфрис	lothian	Эдинбург	1.084	none	land:strathclyde	wide	22.25	9.19
belz	Червоноград	lublin	Люблин	1.085	none	land:chelm	wide	20.32	22.52
florence	Флоренция	grosseto	Гроссето	1.085	none	land:siena	wide	10.37	7.44
kayseri	Кайсери	tarsus	Тарсус	1.085	none	land:nigde	wide	19.73	8.33
east_friesland	Эмден	friesland	Леуварден	1.087	none	Северное море	wide	7.74	7.77
amienois	Амьен	soissonais	Суассон	1.089	none	land:vermandois	wide	6.44	8.51
cismonte	Бастия	grosseto	Гроссето	1.090	none	Лигурийское море	wide	7.32	7.44
inner_hebrides	Портри	outer_hebrides	Сторновей	1.090	none	land:argyll	wide	7.89	13.08
meath	Наван	tyrone	Ома	1.092	none	land:breifne	wide	12.45	10.57
lippe	Детмольд	middle_weser	Нинбург	1.093	none	land:ostwestphalia	wide	10.72	9.09
lower_maine	Лаваль	nantais	Нант	1.094	none	land:anjou	wide	8.16	13.49
munchner_schotterebene	Мюнхен	unterinntal	Куфштайн	1.094	none	land:alpenvorland	wide	11.15	10.35
frankische_schweiz	Байройт	thuringer_wald	Зуль	1.095	none	land:frankenwald	wide	14.28	9.18
gauboden	Штраубинг	traungau	Линц	1.095	none	land:schaunberg	wide	9.45	9.74
west_banat	Панчево	zarand_hun	Арад	1.095	none	land:east_banat	wide	21.74	17.66
ciechanow	Цеханув	leczyca	Ленчица	1.096	none	land:rawa	wide	13.07	9.48
erzgebirge	Карл-Маркс-Штадт	thuringer_becken	Эрфурт	1.096	none	land:vogtland	wide	9.09	11.52
allgau	Кемптен	swabian_alb	Ройтлинген	1.101	none	land:western_upper_swabia	wide	6.46	9.79
naxos	Наксос	rodos	Родос	1.101	none	Критское море	wide	4.84	3.88
kozelsk	Козельск	kozlov	Гагарин	1.102	none	land:masalsk	wide	17.79	17.70
agder	Кристиансанн	buskerud	Драммен	1.103	none	land:vestfold	wide	48.31	43.73
achaea	Патры	attica	Афины	1.106	none	-	wide	4.10	10.03
prachensko	Писек	zatecko	Мост	1.106	none	land:prague	wide	9.76	6.78
beauvaisis	Бове	thierache	Ирсон	1.108	none	land:soissonais	wide	10.47	5.81
julich	Аахен	kempenland	Эйндховен	1.109	none	land:limburg	wide	4.76	7.00
baixo_alentejo	Бежа	merida	Мерида	1.110	none	land:huelva	wide	19.27	13.50
inner_hebrides	Портри	strathclyde	Глазго	1.112	none	Ирландское море	wide	7.89	10.85
brie_champenois	Провен	chartrain	Шартр	1.115	none	land:gatinais	wide	12.07	8.15
ober_dem_manhartsberg	Кремс	unter_dem_wienerwald	Вена	1.117	none	land:ober_dem_wienerwald	wide	9.91	4.38
chiemgau	Траунштайн	pongau	Бишофсхофен	1.118	none	land:salzburger_land	wide	6.80	4.84
harz	Гослар	thuringer_wald	Зуль	1.118	none	land:thuringer_becken	wide	10.26	9.18
odenwald	Дармштадт	taunus	Висбаден	1.118	none	land:untermain	wide	5.36	7.63
kashin	Кимры	yaroslavl	Ярославль	1.119	none	land:uglich	wide	16.31	28.57
capitanata	Фоджа	principato_citra	Салерно	1.120	none	land:principato_ultra	wide	12.21	8.19
leine	Гёттинген	vogelsberg	Фульда	1.121	none	land:hessen_bergland	wide	10.89	9.12
semigalia	Елгава	vilkmerge	Укмерге	1.121	none	land:upyte	wide	16.53	20.99
abruzzo_ultra	Л’Акуила	patrimonio	Рим	1.124	none	land:campagna	wide	14.76	11.03
agenais	Ажен	tursan	Мон-де-Марсан	1.125	none	land:bazadais	wide	6.29	16.16
antrim	Белфаст	donegal	Леттеркенни	1.125	none	Ирландское море	wide	6.81	11.53
capitanata	Фоджа	lavoro	Неаполь	1.126	none	land:principato_ultra	wide	12.21	12.69
kursk	Курск	novhorod_siverskyi	Новгород-Северский	1.126	none	land:trubchevsk	wide	50.48	20.78
bely	Белый	smolensk	Смоленск	1.127	none	land:verzhavsk	wide	21.00	22.77
burgas	Бургас	tarnovo	Велико-Тырново	1.127	none	land:preslav	wide	12.06	17.03
kiralyfold	Сибиу	torda	Клуж-Напока	1.127	none	land:feher	wide	22.33	16.30
millieu	Безансон	upper_alsace	Мюлуз	1.129	none	land:amont	wide	5.55	8.00
gipuzkoa	Сан-Себастьян	tursan	Мон-де-Марсан	1.130	none	Бискайский залив	wide	3.42	16.16
lower_auvergne	Клермон-Ферран	turenne	Брив-ла-Гайард	1.130	none	land:combraille	wide	13.51	10.75
bosnia	Сараево	south_dalmatia	Сплит	1.131	none	land:donji_kraji	wide	21.38	8.96
ashmyany	Ошмяны	trakai	Тракай	1.132	none	land:vilnius	wide	14.53	16.03
kosovo	Приштина	zlatibor	Титово-Ужице	1.132	none	land:toplica	wide	18.43	13.15
kraszna	Залэу	szabolcs	Ниредьхаза	1.133	none	land:szatmar	wide	7.32	16.13
sarov	Саров	tambov	Тамбов	1.134	none	land:kasimov	wide	56.56	78.50
abruzzo_ultra	Л’Акуила	marittima	Латина	1.136	none	land:campagna	wide	14.76	4.50
baranya	Печ	zala	Залаэгерсег	1.136	none	land:somogy	wide	14.87	10.82
limousin	Лимож	lower_berry	Шатору	1.136	none	land:la_marche	wide	12.05	10.43
tesin	Цешин	wroclaw	Вроцлав	1.137	none	land:opole	wide	15.60	10.11
pilzno	Тарнув	szepes	Попрад	1.138	none	land:nowy_sacz	wide	14.44	21.06
bacs	Нови-Сад	macva	Шабац	1.140	none	land:vukovar_syrmia	wide	14.84	11.66
glamorgan	Кардифф	worcestershire	Вустер	1.140	none	land:herefordshire	wide	7.94	3.70
lower_berry	Шатору	orleanais	Орлеан	1.142	none	land:blois	wide	10.43	13.23
czersk	Гура-Кальвария	leczyca	Ленчица	1.144	none	land:rawa	wide	11.57	9.48
east_banat	Тимишоара	north_oltenia	Тыргу-Жиу	1.144	none	land:south_oltenia	wide	19.76	21.79
barbastro	Барбастро	navarre	Памплона	1.146	none	land:huesca	wide	17.95	17.56
lancashire	Ливерпуль	staffordshire	Сток-он-Трент	1.146	none	land:cheshire	wide	10.36	6.77
bern	Берн	rhine_valley	Карлсруэ	1.148	none	land:neuchatel	wide	8.81	8.01
aller	Целле	holstein	Киль	1.149	none	land:elbmarch	wide	8.88	18.08
ciudad_rodrigo	Сьюдад-Родриго	trujillo	Трухильо	1.150	none	land:caceres	wide	12.63	9.78
dobrzyn	Рыпин	leczyca	Ленчица	1.153	none	land:rawa	wide	7.18	9.48
upyte	Паневежис	vilnius	Вильнюс	1.154	none	land:vilkmerge	wide	17.07	14.25
upper_styria	Леобен	vas	Сомбатхей	1.158	none	land:eastern_styria	wide	18.64	11.00
bryansk	Брянск	mstsislaw	Мстиславль	1.159	none	land:roslavl	wide	24.62	21.73
limousin	Лимож	quercy	Каор	1.159	none	land:turenne	wide	12.05	11.55
plzensko	Пльзень	vogtland	Плауэн	1.160	none	land:chebsko	wide	13.46	8.66
loon	Хасселт	west_luxembourg	Арлон	1.161	none	land:liege	wide	4.70	7.98
middlesex	Лондон	oxfordshire	Оксфорд	1.161	none	land:buckinghamshire	wide	3.43	4.24
raseiniai	Расейняй	suwalki	Сувалки	1.161	none	land:trakai	wide	19.11	10.26
dorogobuzh	Дорогобуж	kozelsk	Козельск	1.162	none	land:masalsk	wide	21.86	17.79
caennais	Кан	caux	Гавр	1.163	none	Ла-Манш	wide	12.08	9.16
salzburger_land	Зальцбург	upper_carinthia	Филлах	1.163	none	land:pongau	wide	4.60	12.10
brabant	Брюссель	west_luxembourg	Арлон	1.164	none	land:liege	wide	7.22	7.98
siena	Сиена	spoleto	Сполето	1.165	none	land:patrimonio	wide	5.99	8.68
rouergue	Родез	turenne	Брив-ла-Гайард	1.167	none	land:quercy	wide	15.74	10.75
kazan	Казань	simbirsk	Ульяновск	1.168	none	land:cheboksary	wide	48.78	71.66
orsha	Орша	polotsk	Полоцк	1.168	none	land:barysaw	wide	22.18	24.69
pest	Будапешт	szabolcs	Ниредьхаза	1.168	none	land:heves	wide	13.01	16.13
antwerp	Антверпен	limburg	Венло	1.169	none	land:loon	wide	8.64	4.49
bazadais	Базас	saintonge	Сент	1.170	none	land:bordelais	wide	8.89	13.93
novhorod_siverskyi	Новгород-Северский	sumy	Сумы	1.170	none	land:nizhyn	wide	20.78	12.30
arezzo	Ареццо	grosseto	Гроссето	1.172	none	land:siena	wide	4.37	7.44
astorga	Асторга	tras_os_montes	Браганса	1.174	none	land:benavente	wide	13.31	18.58
vodskaya	Кингисепп	volkhovskaya	Волхов	1.174	none	land:lopskaya	wide	37.04	24.78
palatinate	Кайзерслаутерн	tauberfranken	Таубербишофсхайм	1.175	none	land:odenwald	wide	11.42	10.78
estonia	Таллин	luzhkaya	Луга	1.176	none	land:north_pskov	wide	42.88	37.62
oberinntal	Ландек	western_upper_swabia	Равенсбург	1.176	none	land:allgau	wide	8.78	6.00
eifel	Трир	palatinate	Кайзерслаутерн	1.177	none	land:hunsruck	wide	14.61	11.42
leicestershire	Лестер	oxfordshire	Оксфорд	1.177	none	land:warwickshire	wide	6.19	4.24
bedfordshire	Бедфорд	oxfordshire	Оксфорд	1.179	none	land:buckinghamshire	wide	2.72	4.24
neckar	Штутгарт	odenwald	Дармштадт	1.180	none	land:kraichgau	wide	7.86	5.36
east_asturias	Овьедо	palencia	Паленсия	1.182	none	land:montana	wide	6.32	15.02
castellon	Кастельон	zaragoza	Сарагоса	1.183	none	land:alcaniz	wide	8.88	14.21
chebsko	Хеб	oberpfalzer_wald	Вайден	1.183	none	land:frankische_schweiz	wide	6.12	9.58
levante	Генуя	reggioem	Реджо-Эмилия	1.183	none	land:lucca	wide	4.32	3.88
chelmno	Торунь	gniezno	Гнезно	1.185	none	land:kuyavia	wide	10.59	6.84
neuchatel	Невшатель	thurgau	Цюрих	1.188	none	land:aargau	wide	7.06	9.72
oberpfalzer_wald	Вайден	ries	Ансбах	1.188	none	land:franconian_alb	wide	9.58	7.19
calatayud	Калатаюд	navarre	Памплона	1.189	none	land:zaragoza	wide	11.09	17.56
lemnos	Лемнос	saruhan	Маниса	1.189	none	Эгейское море	wide	5.10	18.41
boleslavsko	Млада-Болеслав	swidnica	Свидница	1.190	none	land:hradecko	wide	8.56	8.19
moscow	Москва	tver	Калинин	1.190	none	land:zvenigorod	wide	24.52	20.78
bassigny	Шомон	verdunois	Верден	1.191	none	land:barrois	wide	11.44	7.25
lancashire	Ливерпуль	powys	Уэлшпул	1.191	none	land:cheshire	wide	10.36	6.45
dobrzyn	Рыпин	upper_prussia	Эльблонг	1.192	none	land:chelmno	wide	7.18	13.58
berkshire	Рединг	warwickshire	Бирмингем	1.193	none	land:oxfordshire	wide	4.15	5.33
grosseto	Гроссето	perugia	Перуджа	1.195	none	land:patrimonio	wide	7.44	4.06
crete	Ираклион	laconia	Спарта	1.196	none	Критское море	wide	12.31	5.10
hessen_bergland	Кассель	westerwald	Кобленц	1.196	none	land:taunus	wide	13.33	4.54
luneburger_heide	Люнебург	middle_weser	Нинбург	1.196	none	land:aller	wide	16.67	9.09
smolensk	Смоленск	vyazma	Вязьма	1.196	none	land:dorogobuzh	wide	22.77	16.47
czestochowa	Ченстохова	szczyrzyc	Бельско-Бяла	1.199	none	land:krakow	wide	6.94	12.11
gniezno	Гнезно	koscian	Косьцян	1.200	none	land:poznan	wide	6.84	12.54
olesnica	Олесница	swidnica	Свидница	1.200	none	land:legnica	wide	8.90	8.19
tipperary	Типперэри	wexford	Уэксфорд	1.200	none	land:waterford	wide	10.94	6.94
kalisz	Калиш	leczyca	Ленчица	1.204	none	land:konin	wide	7.11	9.48
staffordshire	Сток-он-Трент	west_riding	Лидс	1.204	none	land:derbyshire	wide	6.77	16.80
pocutia	Коломыя	zhydachiv	Стрый	1.205	none	land:halych	wide	13.06	6.78
east_friesland	Эмден	elbmarch	Гамбург	1.206	none	land:wesermarch	wide	7.74	10.29
brescia	Брешиа	vicenza	Виченца	1.207	none	land:trentino	wide	7.91	4.65
sinop	Синоп	tokat	Токат	1.207	none	land:canik	wide	19.97	21.89
biscay	Бильбао	navarre	Памплона	1.210	none	land:gipuzkoa	wide	3.81	17.56
frankische_schweiz	Байройт	thuringer_becken	Эрфурт	1.210	none	land:frankenwald	wide	14.28	11.52
gniezno	Гнезно	kalisz	Калиш	1.210	none	land:pyzdry	wide	6.84	7.11
chelmno	Торунь	naklo	Быдгощ	1.212	none	land:kuyavia	wide	10.59	7.32
thuringer_wald	Зуль	vogtland	Плауэн	1.212	none	land:frankenwald	wide	9.18	8.66
barysaw	Борисов	svir	Молодечно	1.214	none	land:lahoysk	wide	19.11	24.43
gonge	Кристианстад	zealand	Копенгаген	1.216	strait	land:malmohus	wide	15.10	19.98
vidin	Видин	west_banat	Панчево	1.216	none	land:east_banat	wide	25.52	21.74
beaujolais	Вильфранш-сюр-Сона	lower_auvergne	Клермон-Ферран	1.217	none	land:lyonnais	wide	5.67	13.51
gomel	Гомель	novhorod_siverskyi	Новгород-Северский	1.218	none	land:starodub_siverskyi	wide	20.87	20.78
kremenets	Кременец	volodymyr	Владимир-Волынский	1.218	none	land:lutsk	wide	15.35	16.79
lida	Лида	minsk	Минск	1.218	none	land:novogrudok	wide	12.36	29.16
thuringer_becken	Эрфурт	vogelsberg	Фульда	1.218	none	land:thuringer_wald	wide	11.52	9.12
amasya	Амасья	kastamonu	Кастамону	1.220	none	land:sinop	wide	15.33	20.76
bihar	Орадя	feher	Алба-Юлия	1.221	none	land:torda	wide	18.79	22.60
bedfordshire	Бедфорд	leicestershire	Лестер	1.223	none	land:northamptonshire	wide	2.72	6.19
alessandria	Алессандрия	milano	Милан	1.226	none	land:pavia	wide	5.46	4.50
agenais	Ажен	turenne	Брив-ла-Гайард	1.227	none	land:perigord	wide	6.29	10.75
alpenvorland	Розенхайм	pinzgau	Целль-ам-Зее	1.227	none	land:unterinntal	wide	8.05	4.70
milano	Милан	monferrato	Асти	1.227	none	land:novara	wide	4.50	5.64
alexeyevka	Алексеевка	novosil	Орёл	1.229	none	land:kursk	wide	30.00	33.25
ankara	Анкара	safranbolu	Карабюк	1.230	none	land:sivrihisar	wide	22.81	16.67
brunswick	Брауншвейг	leine	Гёттинген	1.230	none	land:harz	wide	6.42	10.89
chebsko	Хеб	prague	Прага	1.230	none	land:plzensko	wide	6.12	14.80
berkshire	Рединг	sussex	Брайтон	1.231	none	land:surrey	wide	4.15	7.33
chornobyl	Чернобыль	pereiaslav	Переяслав-Хмельницкий	1.231	none	land:chernihiv	wide	20.38	18.40
autunnais	Отён	aval	Лон-ле-Сонье	1.232	none	land:bresse	wide	11.56	9.65
palencia	Паленсия	zamora	Самора	1.232	none	land:valladolid	wide	15.02	9.61
somogy	Капошвар	zagreb	Загреб	1.234	none	land:bjelovar	wide	12.58	21.88
mantua	Мантуя	vicenza	Виченца	1.236	none	land:verona	wide	2.64	4.65
padua	Падуя	reggioem	Реджо-Эмилия	1.237	none	land:ferrara	wide	4.04	3.88
gorizia	Гориция	lika	Госпич	1.238	none	land:istria	wide	5.36	14.79
bechinsko	Ческе-Будеёвице	brnensko	Брно	1.239	none	land:znojemsko	wide	14.75	11.07
bechinsko	Ческе-Будеёвице	traungau	Линц	1.240	none	land:muhlviertel	wide	14.75	9.74
heves	Эгер	hont	Левице	1.241	none	land:nograd	wide	15.02	15.94
fejer	Секешфехервар	hont	Левице	1.242	none	land:buda	wide	19.05	15.94
glamorgan	Кардифф	wiltshire	Свиндон	1.242	none	land:gloucestershire	wide	7.94	7.49
hradistsko	Готвальдов	unter_dem_manhartsberg	Холлабрунн	1.242	none	land:pozsony	wide	12.14	9.46
allgau	Кемптен	graubunden	Кур	1.243	none	land:oberinntal	wide	6.46	14.64
arezzo	Ареццо	spoleto	Сполето	1.243	none	land:perugia	wide	4.37	8.68
emsland	Меппен	gelderland	Арнем	1.245	none	land:overijssel	wide	14.57	11.22
magdeburger_borde	Магдебург	thuringer_becken	Эрфурт	1.246	none	land:harz	wide	13.46	11.52
south_tirol	Больцано	vorarlberg	Брегенц	1.246	none	land:graubunden	wide	20.91	4.91
beaujolais	Вильфранш-сюр-Сона	dijonnais	Дижон	1.248	none	land:autunnais	wide	5.67	11.30
ciechanow	Цеханув	warmia	Ольштын	1.248	none	land:masuria	wide	13.07	9.93
krakow	Краков	sieradz	Серадз	1.248	none	land:czestochowa	wide	10.05	19.51
brie_champenois	Провен	orleanais	Орлеан	1.249	none	land:gatinais	wide	12.07	13.23
burgos	Бургос	gipuzkoa	Сан-Себастьян	1.249	none	land:alava	wide	15.82	3.42
hedmark	Хамар	jamtland	Эстерсунд	1.249	none	land:dalarna	wide	52.33	181.22
doboka	Бистрица	feher	Алба-Юлия	1.252	none	land:torda	wide	17.99	22.60
hereti	Закатала	kartli	Тбилиси	1.252	none	land:kakheti	wide	17.07	23.41
konin	Конин	koscian	Косьцян	1.252	none	land:pyzdry	wide	5.00	12.54
ostergotland	Линчёпинг	vastmanland	Вестерос	1.252	none	-	wide	22.84	31.15
derbyshire	Дерби	lincolnshire	Линкольн	1.254	none	land:nottinghamshire	wide	5.76	15.43
raska	Нови-Пазар	sumadija	Крагуевац	1.256	none	land:toplica	wide	15.20	9.71
kosovo	Приштина	sumadija	Крагуевац	1.257	none	land:toplica	wide	18.43	9.71
olomoucko	Оломоуц	opole	Ополе	1.257	none	land:opavsko	wide	10.52	11.84
przemysl	Пшемысль	zemplen	Михаловце	1.259	none	land:sanok	wide	15.93	26.92
hudavendigar	Бурса	usak	Ушак	1.261	none	land:kutahya	wide	16.15	19.44
koln_bucht	Кёльн	liege	Льеж	1.262	none	land:eifel	wide	5.57	7.91
gauboden	Штраубинг	oberpfalzer_wald	Вайден	1.263	none	land:bayerischer_wald	wide	9.45	9.58
taunus	Висбаден	vogelsberg	Фульда	1.263	none	land:hessen_bergland	wide	7.63	9.12
aosta	Аоста	vaud	Лозанна	1.265	none	land:oberwallis	wide	7.70	8.55
lower_maine	Лаваль	perche	Ножан-ле-Ротру	1.265	none	land:ebroicien	wide	8.16	7.39
pilzno	Тарнув	radom	Радом	1.265	none	land:sandomierz	wide	14.44	15.30
harz	Гослар	hessen_bergland	Кассель	1.266	none	land:leine	wide	10.26	13.33
sredets	София	toplica	Прокупле	1.268	none	land:nis	wide	22.07	9.52
ommelanden	Гронинген	wesermarch	Бремен	1.269	none	land:emsland	wide	5.09	11.74
desmond	Трали	tipperary	Типперэри	1.270	none	land:cork	wide	15.21	10.94
valtellina	Сондрио	vorarlberg	Брегенц	1.270	none	land:graubunden	wide	5.52	4.91
cotentin	Шербур	ebroicien	Эвре	1.274	none	land:caennais	wide	12.05	13.42
herefordshire	Херефорд	warwickshire	Бирмингем	1.274	none	land:worcestershire	wide	5.05	5.33
lviv	Львов	rivne	Ровно	1.275	none	land:kremenets	wide	20.57	14.21
moray	Элгин	sutherland	Турсо	1.275	none	Северное море	wide	18.23	20.32
toledo	Толедо	villanueva_de_la_serena	Вильянуэва-де-ла-Серена	1.275	none	land:trujillo	wide	19.50	7.71
east_flanders	Гент	lower_artois	Аррас	1.276	none	land:roman_flanders	wide	8.62	5.38
eastern_styria	Фюрстенфельд	zagreb	Загреб	1.276	none	land:lower_styria	wide	10.87	21.88
south_livonia	Рига	vilkmerge	Укмерге	1.276	none	land:selonia	wide	25.80	20.99
la_marche	Гере	upper_auvergne	Орийак	1.279	none	land:turenne	wide	16.22	9.23
olesnica	Олесница	sieradz	Серадз	1.279	none	land:wielun	wide	8.90	19.51
segovia	Сеговия	toledo	Толедо	1.280	none	land:avila	wide	14.81	19.50
traungau	Линц	upper_carinthia	Филлах	1.283	none	land:pongau	wide	9.74	12.10
chelm	Хелм	sandomierz	Сандомир	1.284	none	land:lublin	wide	22.46	13.04
east_luxembourg	Люксембург	julich	Аахен	1.284	none	land:liege	wide	8.44	4.76
kirsehir	Кыршехир	sivas	Сивас	1.284	none	land:bozok	wide	17.84	40.99
durham	Дарем	west_riding	Лидс	1.285	none	land:westmorland	wide	7.21	16.80
niederrhein	Дюссельдорф	north_holland	Амстердам	1.285	none	land:gelderland	wide	6.84	7.99
inner_livonia	Валмиера	selonia	Даугавпилс	1.286	none	land:south_livonia	wide	30.11	13.75
alto_alentejo	Эвора	huelva	Уэльва	1.287	none	land:baixo_alentejo	wide	18.94	17.23
avaria	Хунзах	shaki	Шеки	1.288	none	land:hereti	wide	28.10	21.72
hohenloher_ebene	Швебиш-Халль	kraichgau	Гейдельберг	1.288	none	land:tauberfranken	wide	6.95	5.94
adana	Адана	larende	Караман	1.290	none	land:tarsus	wide	14.25	37.28
tuchola	Тухоля	znin	Жнин	1.291	none	land:kuyavia	wide	14.89	5.39
selonia	Даугавпилс	svir	Молодечно	1.292	none	land:breslauja	wide	13.75	24.43
bohus	Гётеборг	varmland	Карлстад	1.293	none	land:ostfold	wide	11.26	55.90
unter_dem_wienerwald	Вена	upper_styria	Леобен	1.295	none	land:eastern_styria	wide	4.38	18.64
karasi	Балыкесир	usak	Ушак	1.296	none	land:kutahya	wide	24.93	19.44
rhodopes	Пловдив	sredets	София	1.296	none	land:pirin	wide	20.72	22.07
ankara	Анкара	karahisar	Афьон	1.298	none	land:sivrihisar	wide	22.81	19.04
beira_baixa	Каштелу-Бранку	plasencia	Пласенсия	1.302	none	land:ciudad_rodrigo	wide	11.74	9.57
abruzzo_citra	Пескара	capitanata	Фоджа	1.303	none	land:molise	wide	5.48	12.21
calatayud	Калатаюд	huesca	Уэска	1.304	none	land:zaragoza	wide	11.09	15.28
cordoba	Кордова	huelva	Уэльва	1.306	none	land:merida	wide	20.08	17.23
konin	Конин	rawa	Рава-Мазовецка	1.307	none	land:leczyca	wide	5.00	13.45
kaunas	Каунас	lida	Лида	1.308	none	land:trakai	wide	13.94	12.36
dublin	Дублин	kilkenny	Килкенни	1.309	none	land:wexford	wide	6.78	5.45
hertfordshire	Хартфорд	suffolk	Ипсвич	1.310	none	land:essex	wide	3.26	8.17
hunsruck	Идар-Оберштайн	odenwald	Дармштадт	1.310	none	land:untermain	wide	11.94	5.36
minsk	Минск	svir	Молодечно	1.311	none	land:ashmyany	wide	29.16	24.43
autunnais	Отён	lower_auvergne	Клермон-Ферран	1.313	none	land:bourbon	wide	11.56	13.51
courland	Лиепая	lithuania_minor	Клайпеда	1.313	none	Балтийское море	wide	34.02	18.65
friesland	Леуварден	gelderland	Арнем	1.314	none	-	wide	7.77	11.22
ashmyany	Ошмяны	slonin	Слоним	1.315	none	land:novogrudok	wide	14.53	17.85
bern	Берн	schwarzwald	Фрайбург	1.315	none	land:neuchatel	wide	8.81	12.22
nowy_sacz	Новы-Сонч	przemysl	Пшемысль	1.315	none	land:pilzno	wide	12.64	15.93
jativa	Хатива	murcia	Мурсия	1.316	none	land:orihuela	wide	10.99	10.44
marche	Анкона	romagna	Равенна	1.319	none	land:urbino	wide	11.15	9.02
rivne	Ровно	volodymyr	Владимир-Волынский	1.320	none	land:lutsk	wide	14.21	16.79
benavente	Бенавенте	lugo	Луго	1.322	none	land:astorga	wide	11.19	13.70
imereti	Кутаиси	kakheti	Телави	1.322	none	land:kartli	wide	30.83	17.59
amont	Везуль	bern	Берн	1.324	none	land:neuchatel	wide	14.46	8.81
bogdanovo	Саранск	troitskoye_kuroedovo	Кузнецк	1.324	none	land:sarov	wide	41.17	60.00
kayseri	Кайсери	tokat	Токат	1.324	none	land:bozok	wide	19.73	21.89
aunus_karelia	Петрозаводск	zaonezhye	Пудож	1.326	none	-	wide	69.89	45.80
hegau	Зинген	rhine_valley	Карлсруэ	1.326	none	land:schwarzwald	wide	3.49	8.01
alania	Орджоникидзе	avaria	Хунзах	1.327	none	land:kakheti	wide	21.05	28.10
dardanelles	Гелиболу	rhodopes	Пловдив	1.327	none	land:evros	wide	14.60	20.72
radom	Радом	warsaw	Варшава	1.327	none	land:rawa	wide	15.30	13.89
inner_white_karelia	Костомукша	kemi_lappmark	Рованиеми	1.328	none	land:norra_osterbotten	wide	176.01	260.24
opole	Ополе	swidnica	Свидница	1.328	none	land:wroclaw	wide	11.84	8.19
ciechanow	Цеханув	dobrzyn	Рыпин	1.329	none	land:plock	wide	13.07	7.18
dignois	Динь	torino	Турин	1.329	none	land:gresivaudan	wide	7.98	10.62
aosta	Аоста	bern	Берн	1.330	none	land:oberwallis	wide	7.70	8.81
lemnos	Лемнос	smyrna	Измир	1.330	none	Эгейское море	wide	5.10	8.68
antwerp	Антверпен	north_holland	Амстердам	1.332	none	land:south_holland	wide	8.64	7.99
bresta	Брест	czersk	Гура-Кальвария	1.332	none	land:lublin	wide	18.73	11.57
gniezno	Гнезно	leczyca	Ленчица	1.332	none	land:konin	wide	6.84	9.48
levante	Генуя	pavia	Павия	1.332	none	land:alessandria	wide	4.32	4.76
antwerp	Антверпен	hainaut	Монс	1.334	none	land:brabant	wide	8.64	11.03
hertfordshire	Хартфорд	northamptonshire	Нортгемптон	1.334	none	land:buckinghamshire	wide	3.26	5.76
beira_alta	Визеу	plasencia	Пласенсия	1.335	none	land:ciudad_rodrigo	wide	18.10	9.57
lower_prussia	Калининград	medininkai	Тельшяй	1.335	none	land:lithuania_minor	wide	21.71	21.62
chrudimsko	Пардубице	opavsko	Острава	1.336	none	land:olomoucko	wide	12.76	8.29
usora_and_soli	Тузла	zlatibor	Титово-Ужице	1.336	none	land:bosnia	wide	18.88	13.15
rhine_valley	Карлсруэ	vosges	Эпиналь	1.337	none	land:upper_alsace	wide	8.01	10.26
desmond	Трали	waterford	Уотерфорд	1.339	none	land:cork	wide	15.21	4.56
brecon	Брекон	gloucestershire	Глостер	1.340	none	land:glamorgan	wide	7.55	7.29
sarregueminois	Саарбрюккен	upper_alsace	Мюлуз	1.340	none	land:lower_alsace	wide	4.91	8.00
azghar	Кенитра	haouz	Таза	1.341	none	land:fez	wide	6.95	59.23
altmark	Штендаль	flaming	Виттенберг	1.342	none	land:magdeburger_borde	wide	13.31	12.64
brabant	Брюссель	south_holland	Роттердам	1.343	none	land:east_flanders	wide	7.22	9.52
dracenois	Тулон	valentinois	Валанс	1.343	none	land:avignonnais	wide	10.29	9.81
belz	Червоноград	drohobych	Дрогобыч	1.345	none	land:przemysl	wide	20.32	11.45
badajoz	Бадахос	villanueva_de_la_serena	Вильянуэва-де-ла-Серена	1.347	none	land:merida	wide	9.13	7.71
avignonnais	Авиньон	nice	Ницца	1.349	none	land:dignois	wide	8.12	9.90
bryansk	Брянск	novhorod_siverskyi	Новгород-Северский	1.350	none	land:trubchevsk	wide	24.62	20.78
leine	Гёттинген	magdeburger_borde	Магдебург	1.351	none	land:harz	wide	10.89	13.46
mstsislaw	Мстиславль	verzhavsk	Велиж	1.352	none	land:smolensk	wide	21.73	22.91
lahoysk	Логойск	rechytsa	Речица	1.354	none	land:mogilev	wide	21.12	26.08
maramaros	Бая-Маре	szekelyfold	Тыргу-Муреш	1.354	none	land:suceava	wide	18.92	30.39
pongau	Бишофсхофен	schaunberg	Вельс	1.354	none	land:salzburger_land	wide	4.84	7.25
belz	Червоноград	terebovlia	Тернополь	1.356	none	land:lviv	wide	20.32	8.19
bratslav	Могилёв-Подольский	yelanets	Кировоград	1.356	none	land:boh	wide	29.08	40.22
eastern_styria	Фюрстенфельд	unter_dem_manhartsberg	Холлабрунн	1.356	none	land:unter_dem_wienerwald	wide	10.87	9.46
hessen_bergland	Кассель	main_franconia	Вюрцбург	1.357	none	land:vogelsberg	wide	13.33	11.97
bihar	Орадя	heves	Эгер	1.358	none	land:szolnok	wide	18.79	15.02
levante	Генуя	pisa	Пиза	1.358	none	Лигурийское море	wide	4.32	5.40
nottinghamshire	Ноттингем	warwickshire	Бирмингем	1.359	none	land:leicestershire	wide	4.94	5.33
trakai	Тракай	upyte	Паневежис	1.359	none	land:kaunas	wide	16.03	17.07
grosseto	Гроссето	spoleto	Сполето	1.360	none	land:patrimonio	wide	7.44	8.68
khadjibey	Одесса	qalancak	Новая Каховка	1.361	none	Чёрное море (западное)	wide	31.00	35.15
emsland	Меппен	ruhr	Дортмунд	1.364	none	land:munsterland	wide	14.57	7.45
badajoz	Бадахос	beira_baixa	Каштелу-Бранку	1.365	none	land:caceres	wide	9.13	11.74
belluno	Беллуно	verona	Верона	1.366	none	land:vicenza	wide	8.41	5.31
dorset	Борнмут	gloucestershire	Глостер	1.367	none	land:somerset	wide	6.23	7.29
kashin	Кимры	tverskaya	Вышний Волочёк	1.367	none	land:bezhetsk	wide	16.31	31.99
new_catalonia	Таррагона	zaragoza	Сарагоса	1.367	none	land:alcaniz	wide	14.54	14.21
bergamo	Бергамо	ticino	Беллинцона	1.368	none	land:monza	wide	5.05	4.55
wielun	Велюнь	wroclaw	Вроцлав	1.368	none	land:olesnica	wide	6.71	10.11
schwarzwald	Фрайбург	tauberfranken	Таубербишофсхайм	1.370	none	land:neckar	wide	12.22	10.78
trentino	Тренто	venice	Венеция	1.371	none	land:vicenza	wide	7.26	8.49
blois	Блуа	upper_poitou	Пуатье	1.372	none	land:touraine	wide	12.62	14.73
gatinais	Монтаржи	nevernais	Невер	1.373	none	land:senonais	wide	7.05	14.37
ponthieu	Аббевиль	rouennais	Руан	1.373	none	land:caux	wide	6.54	11.30
glogow	Глогув	pyzdry	Пыздры	1.374	none	land:koscian	wide	8.19	6.28
halych	Ивано-Франковск	kremenets	Кременец	1.374	none	land:terebovlia	wide	11.75	15.35
amont	Везуль	pays_nancy	Нанси	1.376	none	land:vosges	wide	14.46	6.49
bergamo	Бергамо	pavia	Павия	1.376	none	land:cremona	wide	5.05	4.76
clare	Эннис	roscommon	Роскоммон	1.377	none	land:galway	wide	6.81	11.28
bologna	Болонья	padua	Падуя	1.378	none	land:ferrara	wide	5.77	4.04
halab	Алеппо	marash	Кахраманмараш	1.379	none	land:ayntab	wide	26.58	16.82
astorga	Асторга	zamora	Самора	1.381	none	land:benavente	wide	13.31	9.61
derevskaya	Старая Русса	volkhovskaya	Волхов	1.381	none	-	wide	32.09	24.78
glogow	Глогув	wroclaw	Вроцлав	1.382	none	land:legnica	wide	8.19	10.11
kempenland	Эйндховен	ruhr	Дортмунд	1.382	none	land:niederrhein	wide	7.00	7.45
halab	Алеппо	malatya	Малатья	1.384	none	land:ayntab	wide	26.58	25.95
jaen	Хаэн	malaga	Малага	1.385	none	land:granada	wide	17.84	11.20
macva	Шабац	toplica	Прокупле	1.386	none	land:sumadija	wide	11.66	9.52
bazadais	Базас	toulousain	Тулуза	1.387	none	land:armagnac	wide	8.89	10.68
bedfordshire	Бедфорд	berkshire	Рединг	1.387	none	land:buckinghamshire	wide	2.72	4.15
hainaut	Монс	west_luxembourg	Арлон	1.388	none	land:rethelois	wide	11.03	7.98
bazadais	Базас	quercy	Каор	1.390	none	land:armagnac	wide	8.89	11.55
east_luxembourg	Люксембург	rethelois	Шарлевиль-Мезьер	1.390	none	land:west_luxembourg	wide	8.44	9.12
kursk	Курск	voronezh	Воронеж	1.390	none	land:alexeyevka	wide	50.48	42.17
aller	Целле	ostwestphalia	Билефельд	1.391	none	land:hanover	wide	8.88	8.03
comminges	Сен-Годенс	osona	Вик	1.392	none	land:rosello	wide	10.77	9.08
cornouaille	Кемпер	rennais	Ренн	1.393	none	land:tregor	wide	11.75	12.35
glogow	Глогув	poznan	Познань	1.393	none	land:koscian	wide	8.19	16.29
kostroma	Кострома	starodub	Ковров	1.393	none	land:shuya	wide	32.28	10.75
ostergotland	Линчёпинг	tioharad	Векшё	1.393	none	-	wide	22.84	54.45
kraichgau	Гейдельберг	untermain	Франкфурт-на-Майне	1.394	none	land:odenwald	wide	5.94	6.74
mittelmark	Берлин	pyritz	Пыжице	1.396	none	land:neumark	wide	21.57	11.53
hradistsko	Готвальдов	szczyrzyc	Бельско-Бяла	1.397	none	land:trencsen	wide	12.14	12.11
rhine_valley	Карлсруэ	swabian_alb	Ройтлинген	1.397	none	land:schwarzwald	wide	8.01	9.79
chernihiv	Чернигов	ichnia	Прилуки	1.398	none	land:pereiaslav	wide	25.75	27.09
dorohei	Ботошани	terebovlia	Тернополь	1.398	none	land:western_podolia	wide	19.60	8.19
ommelanden	Гронинген	overijssel	Зволле	1.399	none	land:friesland	wide	5.09	7.44
amasya	Амасья	cankiri	Чанкыры	1.400	none	land:corum	wide	15.33	12.97
gniezno	Гнезно	naklo	Быдгощ	1.400	none	land:znin	wide	6.84	7.32
hertfordshire	Хартфорд	kent	Дувр	1.400	none	land:essex	wide	3.26	7.29
murom	Муром	pereyaslavl	Переславль-Залесский	1.400	none	land:vladimir	wide	28.02	22.99
funen	Оденсе	slesvig	Фленсбург	1.401	none	Датские проливы	wide	12.48	9.76
bihar	Орадя	csanad	Бекешчаба	1.404	none	land:zarand_hun	wide	18.79	9.54
chelmno	Торунь	warmia	Ольштын	1.404	none	land:masuria	wide	10.59	9.93
antrim	Белфаст	inner_hebrides	Портри	1.405	none	Ирландское море	wide	6.81	7.89
brnensko	Брно	trencsen	Тренчин	1.405	none	land:hradistsko	wide	11.07	20.72
modena	Модена	romagna	Равенна	1.408	none	land:bologna	wide	4.50	9.02
smolensk	Смоленск	vitebsk	Витебск	1.408	none	land:orsha	wide	22.77	32.18
chebsko	Хеб	litomericko	Усти-над-Лабем	1.409	none	land:zatecko	wide	6.12	7.24
kilkenny	Килкенни	roscommon	Роскоммон	1.409	none	land:meath	wide	5.45	11.28
kempenland	Эйндховен	koln_bucht	Кёльн	1.410	none	land:limburg	wide	7.00	5.57
franconian_alb	Нёрдлинген	main_franconia	Вюрцбург	1.412	none	land:ries	wide	7.66	11.97
courland	Лиепая	rotalia	Хаапсалу	1.414	none	Балтийское море	wide	34.02	24.04
lower_carinthia	Клагенфурт	lower_carniola	Ново-Место	1.414	none	land:upper_carniola	wide	10.53	13.20
north_oltenia	Тыргу-Жиу	vidin	Видин	1.414	none	land:south_oltenia	wide	21.79	25.52
bern	Берн	millieu	Безансон	1.415	none	land:neuchatel	wide	8.81	5.55
perthois	Витри-ле-Франсуа	verdunois	Верден	1.416	none	land:barrois	wide	8.37	7.25
amasya	Амасья	sivas	Сивас	1.417	none	land:tokat	wide	15.33	40.99
balti_moldova	Бельцы	pocutia	Коломыя	1.417	none	land:dorohei	wide	24.78	13.06
merida	Мерида	plasencia	Пласенсия	1.417	none	land:trujillo	wide	13.50	9.57
barbastro	Барбастро	bayonne	Байонна	1.419	none	land:bearn_bigorre	wide	17.95	5.23
pilzno	Тарнув	zemplen	Михаловце	1.419	none	land:sanok	wide	14.44	26.92
salamanca	Саламанка	toledo	Толедо	1.419	none	land:avila	wide	11.20	19.50
agenais	Ажен	saintonge	Сент	1.420	none	land:perigord	wide	6.29	13.93
hunsruck	Идар-Оберштайн	lower_alsace	Страсбург	1.422	none	land:sarregueminois	wide	11.94	8.32
sevilla	Севилья	villanueva_de_la_serena	Вильянуэва-де-ла-Серена	1.422	none	land:cordoba	wide	19.73	7.71
dardanelles	Гелиболу	sliven	Сливен	1.427	none	land:edirne	wide	14.60	18.37
lemnos	Лемнос	neopatras	Ламия	1.427	none	Эгейское море	wide	5.10	5.81
erzgebirge	Карл-Маркс-Штадт	frankische_schweiz	Байройт	1.429	none	land:vogtland	wide	9.09	14.28
dalarna	Фалун	uppland	Стокгольм	1.431	none	land:vastmanland	wide	93.89	34.77
lower_auvergne	Клермон-Ферран	rouergue	Родез	1.432	none	land:upper_auvergne	wide	13.51	15.74
naklo	Быдгощ	pyritz	Пыжице	1.432	none	land:arnskrone	wide	7.32	11.53
warwickshire	Бирмингем	wiltshire	Свиндон	1.432	none	land:oxfordshire	wide	5.33	7.49
agenais	Ажен	angouleme	Ангулем	1.436	none	land:perigord	wide	6.29	8.78
cordoba	Кордова	toledo	Толедо	1.436	none	land:west_mancha	wide	20.08	19.50
caennais	Кан	perche	Ножан-ле-Ротру	1.440	none	land:ebroicien	wide	12.08	7.39
kozlov	Гагарин	zubtsov	Зубцов	1.440	none	land:vyazma	wide	17.70	17.59
alexandria	Александрия	dakahliyya	Мансура	1.441	none	land:gharbiyya	wide	23.89	9.62
csongrad	Сегед	zarand_hun	Арад	1.441	none	land:szolnok	wide	15.59	17.66
lika	Госпич	upper_carniola	Любляна	1.441	none	land:lower_carniola	wide	14.79	6.09
sopron	Шопрон	zala	Залаэгерсег	1.441	none	land:vas	wide	13.24	10.82
bjelovar	Бьеловар	donji_kraji	Баня-Лука	1.442	none	land:una_sana	wide	18.51	17.30
clare	Эннис	cork	Корк	1.442	none	land:limerick	wide	6.81	6.73
nograd	Салготарьян	nowy_sacz	Новы-Сонч	1.442	none	land:szepes	wide	16.73	12.64
osona	Вик	razes	Лиму	1.442	none	land:rosello	wide	9.08	7.78
untermain	Франкфурт-на-Майне	vogelsberg	Фульда	1.444	none	land:wetterau	wide	6.74	9.12
donau_moos	Ингольштадт	frankische_schweiz	Байройт	1.445	none	land:franconian_alb	wide	12.54	14.28
slutsk	Слуцк	turov	Лунинец	1.445	none	land:mazyr	wide	16.61	18.06
foix	Фуа	osona	Вик	1.446	none	land:rosello	wide	4.97	9.08
elbtal	Дрезден	saale	Галле	1.450	none	land:leipziger_bucht	wide	11.91	9.91
chartrain	Шартр	upper_maine	Ле-Ман	1.451	none	land:perche	wide	8.15	10.83
gorizia	Гориция	venice	Венеция	1.451	none	land:friuli	wide	5.36	8.49
olomoucko	Оломоуц	znojemsko	Зноймо	1.451	none	land:brnensko	wide	10.52	10.46
soria	Сория	valladolid	Вальядолид	1.451	none	land:segovia	wide	19.92	9.39
benavente	Бенавенте	ciudad_rodrigo	Сьюдад-Родриго	1.452	none	land:zamora	wide	11.19	12.63
azov	Ростов-на-Дону	ust_tsimla	Цимлянск	1.453	none	land:semikarakorsk	wide	42.74	24.77
checiny	Кельце	warsaw	Варшава	1.453	none	land:rawa	wide	11.85	13.89
belluno	Беллуно	unterinntal	Куфштайн	1.454	none	land:south_tirol	wide	8.41	10.35
knyazhaya	Новгород	toropets	Торопец	1.455	none	land:rzhevskaya	wide	34.63	30.53
santiago	Сантьяго-де-Компостела	tras_os_montes	Браганса	1.455	none	land:ourense	wide	14.44	18.58
galway	Голуэй	kilkenny	Килкенни	1.456	none	land:meath	wide	12.94	5.45
lutsk	Луцк	zviahel	Новоград-Волынский	1.456	none	land:olevsk	wide	20.04	19.67
nis	Ниш	prilep	Прилеп	1.457	none	land:vardar	wide	17.31	21.25
perthois	Витри-ле-Франсуа	rethelois	Шарлевиль-Мезьер	1.460	none	land:remois	wide	8.37	9.12
sandomierz	Сандомир	sanok	Санок	1.460	none	land:przemysl	wide	13.04	9.33
brabant	Брюссель	limburg	Венло	1.461	none	land:loon	wide	7.22	4.49
nowy_sacz	Новы-Сонч	sandomierz	Сандомир	1.462	none	land:pilzno	wide	12.64	13.04
bizerte	Бизерта	kairouan	Кайруан	1.463	none	land:tunis	wide	9.67	9.08
graubunden	Кур	novara	Новара	1.464	none	land:ticino	wide	14.64	8.93
hainaut	Монс	soissonais	Суассон	1.465	none	land:thierache	wide	11.03	8.51
limburg	Венло	munsterland	Мюнстер	1.465	none	land:niederrhein	wide	4.49	11.26
julich	Аахен	west_luxembourg	Арлон	1.466	none	land:liege	wide	4.76	7.98
wiltshire	Свиндон	worcestershire	Вустер	1.467	none	land:gloucestershire	wide	7.49	3.70
feher	Алба-Юлия	vidin	Видин	1.468	none	land:east_banat	wide	22.60	25.52
samtskhe	Ахалцихе	trebizond	Трабзон	1.468	none	land:samegrelo	wide	17.60	26.99
aksaray	Аксарай	beysehir	Бейшехир	1.469	none	land:konya	wide	12.30	25.13
dorohei	Ботошани	orhei	Кишинёв	1.469	none	land:balti_moldova	wide	19.60	26.16
galich	Галич	uren	Урень	1.470	none	land:unzha	wide	43.21	66.57
main_franconia	Вюрцбург	thuringer_becken	Эрфурт	1.471	none	land:frankenwald	wide	11.97	11.52
ostwestphalia	Билефельд	ruhr	Дортмунд	1.471	none	land:munsterland	wide	8.03	7.45
ober_dem_wienerwald	Санкт-Пёльтен	sopron	Шопрон	1.475	none	land:unter_dem_wienerwald	wide	10.92	13.24
biga	Чанаккале	constantinople	Стамбул	1.476	none	Мраморное море	wide	17.90	9.81
bosnia	Сараево	north_dalmatia	Задар	1.476	none	land:donji_kraji	wide	21.38	12.63
allgau	Кемптен	unterinntal	Куфштайн	1.478	none	land:oberinntal	wide	6.46	10.35
donji_kraji	Баня-Лука	vukovar_syrmia	Вуковар	1.483	none	land:una_sana	wide	17.30	22.03
brescia	Брешиа	pavia	Павия	1.485	none	land:cremona	wide	7.91	4.76
ovruch	Овруч	turov	Лунинец	1.489	none	land:mazyr	wide	21.55	18.06
angouleme	Ангулем	bazadais	Базас	1.490	none	land:perigord	wide	8.78	8.89
istria	Пула	venice	Венеция	1.490	none	Адриатическое море	wide	5.71	8.49
aetolia	Агринион	euboea	Халкида	1.492	none	land:neopatras	wide	13.32	6.03
chebsko	Хеб	frankenwald	Хоф	1.492	none	land:vogtland	wide	6.12	4.73
lomza	Ломжа	plock	Плоцк	1.492	none	land:masuria	wide	12.57	9.54
north_holland	Амстердам	overijssel	Зволле	1.492	none	-	wide	7.99	7.44
girona	Жирона	urgell	Лерида	1.494	none	land:osona	wide	8.37	11.97
kashin	Кимры	torzhok	Торжок	1.495	none	land:tver	wide	16.31	17.84
oberwallis	Сьон	thurgau	Цюрих	1.499	none	land:waldstatte	wide	10.20	9.72
razes	Лиму	rouergue	Родез	1.499	none	land:narbonnais	wide	7.78	15.74
erzgebirge	Карл-Маркс-Штадт	oberlausitz	Герлиц	1.500	none	land:elbtal	wide	9.09	12.72
kashin	Кимры	mologa	Рыбинск	1.500	none	land:uglich	wide	16.31	13.67
